{
  "author": "This list was created by PRO100KatYT",
  "ConversionControl:cck_worker_core_unlimited": [
    "Worker:workerbasic_r_t01"
  ],
  "ConversionControl:cck_worker_core_unlimited_vr": [
    "Worker:workerbasic_vr_t01"
  ],
  "ConversionControl:cck_worker_core_consumable_vr": [
    "Worker:workerbasic_vr_t01"
  ],
  "ConversionControl:cck_worker_core_consumable_uc": [
    "Worker:workerbasic_uc_t01"
  ],
  "ConversionControl:cck_worker_core_consumable_sr": [
    "Worker:workerbasic_sr_t01"
  ],
  "ConversionControl:cck_worker_core_consumable_r": [
    "Worker:workerbasic_r_t01"
  ],
  "ConversionControl:cck_worker_core_consumable_c": [
    "Worker:workerbasic_c_t01"
  ],
  "ConversionControl:cck_worker_core_consumable": [
    "Worker:workerbasic_sr_t01"
  ],
  "ConversionControl:cck_weapon_core_unlimited": [
    "Schematic:sid_piercing_spear_military_r_ore_t01",
    "Schematic:sid_piercing_spear_r_ore_t01",
    "Schematic:sid_edged_sword_medium_laser_founders_r_ore_t01",
    "Schematic:sid_edged_sword_medium_r_ore_t01",
    "Schematic:sid_edged_sword_light_r_ore_t01",
    "Schematic:sid_edged_sword_heavy_r_ore_t01",
    "Schematic:sid_edged_scythe_r_ore_t01",
    "Schematic:sid_edged_axe_medium_r_ore_t01",
    "Schematic:sid_edged_axe_light_r_ore_t01",
    "Schematic:sid_edged_axe_heavy_r_ore_t01",
    "Schematic:sid_blunt_medium_r_ore_t01",
    "Schematic:sid_blunt_tool_light_r_ore_t01",
    "Schematic:sid_blunt_hammer_heavy_r_ore_t01",
    "Schematic:sid_blunt_light_bat_r_ore_t01",
    "Schematic:sid_blunt_light_r_ore_t01",
    "Schematic:sid_blunt_heavy_paddle_r_ore_t01",
    "Schematic:sid_assault_auto_r_ore_t01",
    "Schematic:sid_assault_singleshot_r_ore_t01",
    "Schematic:sid_assault_semiauto_r_ore_t01",
    "Schematic:sid_assault_surgical_drum_founders_r_ore_t01",
    "Schematic:sid_assault_lmg_r_ore_t01",
    "Schematic:sid_assault_burst_r_ore_t01",
    "Schematic:sid_sniper_standard_r_ore_t01",
    "Schematic:sid_sniper_boltaction_scope_r_ore_t01",
    "Schematic:sid_sniper_boltaction_r_ore_t01",
    "Schematic:sid_sniper_auto_r_ore_t01",
    "Schematic:sid_sniper_amr_r_ore_t01",
    "Schematic:sid_shotgun_tactical_precision_r_ore_t01",
    "Schematic:sid_shotgun_tactical_r_ore_t01",
    "Schematic:sid_shotgun_tactical_founders_r_ore_t01",
    "Schematic:sid_shotgun_standard_r_ore_t01",
    "Schematic:sid_shotgun_semiauto_r_ore_t01",
    "Schematic:sid_shotgun_break_ou_r_ore_t01",
    "Schematic:sid_shotgun_break_r_ore_t01",
    "Schematic:sid_shotgun_auto_r_ore_t01",
    "Schematic:sid_pistol_sixshooter_r_ore_t01",
    "Schematic:sid_pistol_semiauto_r_ore_t01",
    "Schematic:sid_pistol_rapid_r_ore_t01",
    "Schematic:sid_pistol_handcannon_semi_r_ore_t01",
    "Schematic:sid_pistol_handcannon_r_ore_t01",
    "Schematic:sid_pistol_firecracker_r_ore_t01",
    "Schematic:sid_pistol_boltrevolver_r_ore_t01",
    "Schematic:sid_pistol_autoheavy_r_ore_t01",
    "Schematic:sid_pistol_autoheavy_founders_r_ore_t01",
    "Schematic:sid_pistol_auto_r_ore_t01",
    "Schematic:sid_launcher_rocket_r_ore_t01",
    "Schematic:sid_launcher_grenade_r_ore_t01"
  ],
  "ConversionControl:cck_weapon_scavenger_consumable_sr": [
    "Schematic:sid_assault_scavenger_sr_ore_t01",
    "Schematic:sid_shotgun_semiauto_scavenger_sr_ore_t01",
    "Schematic:sid_sniper_scavenger_sr_ore_t01",
    "Schematic:sid_edged_axe_scavenger_sr_ore_t01",
    "Schematic:sid_blunt_scavenger_sr_ore_t01",
    "Schematic:sid_shotgun_break_scavenger_sr_ore_t01",
    "Schematic:sid_pistol_scavenger_sr_ore_t01",
    "Schematic:sid_piercing_spear_scavenger_sr_ore_t01"
  ],
  "ConversionControl:cck_weapon_core_consumable": [
    "Schematic:sid_piercing_spear_military_sr_ore_t01",
    "Schematic:sid_piercing_spear_laser_sr_ore_t01",
    "Schematic:sid_piercing_spear_sr_ore_t01",
    "Schematic:sid_edged_sword_medium_laser_sr_ore_t01",
    "Schematic:sid_edged_sword_medium_laser_founders_sr_ore_t01",
    "Schematic:sid_edged_sword_medium_sr_ore_t01",
    "Schematic:sid_edged_sword_light_sr_ore_t01",
    "Schematic:sid_edged_sword_hydraulic_sr_ore_t01",
    "Schematic:sid_edged_sword_heavy_sr_ore_t01",
    "Schematic:sid_edged_scythe_laser_sr_ore_t01",
    "Schematic:sid_edged_scythe_sr_ore_t01",
    "Schematic:sid_edged_axe_medium_laser_sr_ore_t01",
    "Schematic:sid_edged_axe_medium_sr_ore_t01",
    "Schematic:sid_edged_axe_light_sr_ore_t01",
    "Schematic:sid_edged_axe_heavy_sr_ore_t01",
    "Schematic:sid_blunt_medium_sr_ore_t01",
    "Schematic:sid_blunt_light_sr_ore_t01",
    "Schematic:sid_blunt_hammer_rocket_sr_ore_t01",
    "Schematic:sid_blunt_hammer_heavy_sr_ore_t01",
    "Schematic:sid_blunt_light_rocketbat_sr_ore_t01",
    "Schematic:sid_blunt_club_light_sr_ore_t01",
    "Schematic:sid_assault_auto_sr_ore_t01",
    "Schematic:sid_assault_auto_halloween_sr_ore_t01",
    "Schematic:sid_assault_auto_founders_sr_ore_t01",
    "Schematic:sid_assault_surgical_sr_ore_t01",
    "Schematic:sid_assault_singleshot_sr_ore_t01",
    "Schematic:sid_assault_semiauto_sr_ore_t01",
    "Schematic:sid_assault_raygun_sr_ore_t01",
    "Schematic:sid_assault_lmg_sr_ore_t01",
    "Schematic:sid_assault_lmg_drum_founders_sr_ore_t01",
    "Schematic:sid_assault_hydra_sr_ore_t01",
    "Schematic:sid_assault_doubleshot_sr_ore_t01",
    "Schematic:sid_assault_burst_sr_ore_t01",
    "Schematic:sid_sniper_tripleshot_sr_ore_t01",
    "Schematic:sid_sniper_standard_scope_sr_ore_t01",
    "Schematic:sid_sniper_standard_sr_ore_t01",
    "Schematic:sid_sniper_shredder_sr_ore_t01",
    "Schematic:sid_sniper_hydraulic_sr_ore_t01",
    "Schematic:sid_sniper_boltaction_scope_sr_ore_t01",
    "Schematic:sid_sniper_auto_sr_ore_t01",
    "Schematic:sid_sniper_amr_sr_ore_t01",
    "Schematic:sid_shotgun_tactical_precision_sr_ore_t01",
    "Schematic:sid_shotgun_tactical_founders_sr_ore_t01",
    "Schematic:sid_shotgun_standard_sr_ore_t01",
    "Schematic:sid_shotgun_semiauto_sr_ore_t01",
    "Schematic:sid_shotgun_minigun_sr_ore_t01",
    "Schematic:sid_shotgun_longarm_sr_ore_t01",
    "Schematic:sid_shotgun_heavy_sr_ore_t01",
    "Schematic:sid_shotgun_break_ou_sr_ore_t01",
    "Schematic:sid_shotgun_break_sr_ore_t01",
    "Schematic:sid_shotgun_auto_sr_ore_t01",
    "Schematic:sid_pistol_zapper_sr_ore_t01",
    "Schematic:sid_pistol_space_sr_ore_t01",
    "Schematic:sid_pistol_semiauto_sr_ore_t01",
    "Schematic:sid_pistol_rocket_sr_ore_t01",
    "Schematic:sid_pistol_rapid_sr_ore_t01",
    "Schematic:sid_pistol_hydraulic_sr_ore_t01",
    "Schematic:sid_pistol_handcannon_semi_sr_ore_t01",
    "Schematic:sid_pistol_handcannon_sr_ore_t01",
    "Schematic:sid_pistol_gatling_sr_ore_t01",
    "Schematic:sid_pistol_firecracker_sr_ore_t01",
    "Schematic:sid_pistol_dragon_sr_ore_t01",
    "Schematic:sid_pistol_bolt_sr_ore_t01",
    "Schematic:sid_pistol_autoheavy_sr_ore_t01",
    "Schematic:sid_pistol_autoheavy_founders_sr_ore_t01",
    "Schematic:sid_pistol_auto_sr_ore_t01",
    "Schematic:sid_launcher_rocket_sr_ore_t01",
    "Schematic:sid_launcher_pumpkin_rpg_sr_ore_t01",
    "Schematic:sid_launcher_hydraulic_sr_ore_t01",
    "Schematic:sid_launcher_grenade_sr_ore_t01"
  ],
  "ConversionControl:cck_trap_core_unlimited": [
    "Schematic:sid_wall_wood_spikes_r_t01",
    "Schematic:sid_wall_light_r_t01",
    "Schematic:sid_wall_launcher_r_t01",
    "Schematic:sid_wall_electric_r_t01",
    "Schematic:sid_wall_darts_r_t01",
    "Schematic:sid_floor_ward_r_t01",
    "Schematic:sid_floor_spikes_wood_r_t01",
    "Schematic:sid_floor_spikes_r_t01",
    "Schematic:sid_floor_launcher_r_t01",
    "Schematic:sid_floor_health_r_t01",
    "Schematic:sid_ceiling_gas_r_t01",
    "Schematic:sid_ceiling_electric_single_r_t01",
    "Schematic:sid_ceiling_electric_aoe_r_t01"
  ],
  "ConversionControl:cck_trap_core_consumable_vr": [
    "Schematic:sid_wall_wood_spikes_vr_t01",
    "Schematic:sid_wall_light_vr_t01",
    "Schematic:sid_wall_launcher_vr_t01",
    "Schematic:sid_wall_electric_vr_t01",
    "Schematic:sid_wall_darts_vr_t01",
    "Schematic:sid_floor_ward_vr_t01",
    "Schematic:sid_floor_spikes_wood_vr_t01",
    "Schematic:sid_floor_spikes_vr_t01",
    "Schematic:sid_floor_launcher_vr_t01",
    "Schematic:sid_floor_health_vr_t01",
    "Schematic:sid_ceiling_gas_vr_t01",
    "Schematic:sid_ceiling_electric_single_vr_t01",
    "Schematic:sid_ceiling_electric_aoe_vr_t01"
  ],
  "ConversionControl:cck_trap_core_consumable_uc": [
    "Schematic:sid_wall_wood_spikes_uc_t01",
    "Schematic:sid_wall_launcher_uc_t01",
    "Schematic:sid_wall_electric_uc_t01",
    "Schematic:sid_wall_darts_uc_t01",
    "Schematic:sid_floor_ward_uc_t01",
    "Schematic:sid_floor_spikes_wood_uc_t01",
    "Schematic:sid_floor_spikes_uc_t01",
    "Schematic:sid_floor_launcher_uc_t01",
    "Schematic:sid_floor_health_uc_t01",
    "Schematic:sid_ceiling_gas_uc_t01",
    "Schematic:sid_ceiling_electric_single_uc_t01"
  ],
  "ConversionControl:cck_trap_core_consumable_sr": [
    "Schematic:sid_wall_wood_spikes_sr_t01",
    "Schematic:sid_wall_light_sr_t01",
    "Schematic:sid_wall_launcher_sr_t01",
    "Schematic:sid_wall_electric_sr_t01",
    "Schematic:sid_wall_darts_sr_t01",
    "Schematic:sid_floor_ward_sr_t01",
    "Schematic:sid_floor_spikes_wood_sr_t01",
    "Schematic:sid_floor_spikes_sr_t01",
    "Schematic:sid_floor_launcher_sr_t01",
    "Schematic:sid_floor_health_sr_t01",
    "Schematic:sid_ceiling_gas_sr_t01",
    "Schematic:sid_ceiling_electric_single_sr_t01",
    "Schematic:sid_ceiling_electric_aoe_sr_t01"
  ],
  "ConversionControl:cck_trap_core_consumable_r": [
    "Schematic:sid_wall_wood_spikes_r_t01",
    "Schematic:sid_wall_light_r_t01",
    "Schematic:sid_wall_launcher_r_t01",
    "Schematic:sid_wall_electric_r_t01",
    "Schematic:sid_wall_darts_r_t01",
    "Schematic:sid_floor_ward_r_t01",
    "Schematic:sid_floor_spikes_wood_r_t01",
    "Schematic:sid_floor_spikes_r_t01",
    "Schematic:sid_floor_launcher_r_t01",
    "Schematic:sid_floor_health_r_t01",
    "Schematic:sid_ceiling_gas_r_t01",
    "Schematic:sid_ceiling_electric_single_r_t01",
    "Schematic:sid_ceiling_electric_aoe_r_t01"
  ],
  "ConversionControl:cck_trap_core_consumable_c": [
    "Schematic:sid_wall_wood_spikes_c_t01",
    "Schematic:sid_floor_spikes_wood_c_t01",
    "Schematic:sid_ceiling_electric_single_c_t01"
  ],
  "ConversionControl:cck_trap_core_consumable": [
    "Schematic:sid_wall_wood_spikes_sr_t01",
    "Schematic:sid_wall_light_sr_t01",
    "Schematic:sid_wall_launcher_sr_t01",
    "Schematic:sid_wall_electric_sr_t01",
    "Schematic:sid_wall_darts_sr_t01",
    "Schematic:sid_floor_ward_sr_t01",
    "Schematic:sid_floor_spikes_wood_sr_t01",
    "Schematic:sid_floor_spikes_sr_t01",
    "Schematic:sid_floor_launcher_sr_t01",
    "Schematic:sid_floor_health_sr_t01",
    "Schematic:sid_ceiling_gas_sr_t01",
    "Schematic:sid_ceiling_electric_single_sr_t01",
    "Schematic:sid_ceiling_electric_aoe_sr_t01"
  ],
  "ConversionControl:cck_ranged_sniper_unlimited": [
    "Schematic:sid_sniper_standard_r_ore_t01",
    "Schematic:sid_sniper_boltaction_scope_r_ore_t01",
    "Schematic:sid_sniper_boltaction_r_ore_t01",
    "Schematic:sid_sniper_auto_r_ore_t01",
    "Schematic:sid_sniper_amr_r_ore_t01"
  ],
  "ConversionControl:cck_ranged_shotgun_unlimited": [
    "Schematic:sid_shotgun_tactical_precision_r_ore_t01",
    "Schematic:sid_shotgun_tactical_r_ore_t01",
    "Schematic:sid_shotgun_tactical_founders_r_ore_t01",
    "Schematic:sid_shotgun_standard_r_ore_t01",
    "Schematic:sid_shotgun_semiauto_r_ore_t01",
    "Schematic:sid_shotgun_break_ou_r_ore_t01",
    "Schematic:sid_shotgun_break_r_ore_t01",
    "Schematic:sid_shotgun_auto_r_ore_t01"
  ],
  "ConversionControl:cck_ranged_pistol_unlimited": [
    "Schematic:sid_pistol_sixshooter_r_ore_t01",
    "Schematic:sid_pistol_semiauto_r_ore_t01",
    "Schematic:sid_pistol_rapid_r_ore_t01",
    "Schematic:sid_pistol_handcannon_semi_r_ore_t01",
    "Schematic:sid_pistol_handcannon_r_ore_t01",
    "Schematic:sid_pistol_firecracker_r_ore_t01",
    "Schematic:sid_pistol_boltrevolver_r_ore_t01",
    "Schematic:sid_pistol_autoheavy_r_ore_t01",
    "Schematic:sid_pistol_autoheavy_founders_r_ore_t01",
    "Schematic:sid_pistol_auto_r_ore_t01"
  ],
  "ConversionControl:cck_ranged_core_unlimited_vr": [
    "Schematic:sid_assault_auto_vr_ore_t01",
    "Schematic:sid_assault_surgical_vr_ore_t01",
    "Schematic:sid_assault_singleshot_vr_ore_t01",
    "Schematic:sid_assault_semiauto_vr_ore_t01",
    "Schematic:sid_assault_semiauto_founders_vr_ore_t01",
    "Schematic:sid_assault_raygun_vr_ore_t01",
    "Schematic:sid_assault_lmg_vr_ore_t01",
    "Schematic:sid_assault_lmg_drum_founders_vr_ore_t01",
    "Schematic:sid_assault_doubleshot_vr_ore_t01",
    "Schematic:sid_assault_burst_vr_ore_t01",
    "Schematic:sid_sniper_tripleshot_vr_ore_t01",
    "Schematic:sid_sniper_standard_scope_vr_ore_t01",
    "Schematic:sid_sniper_standard_vr_ore_t01",
    "Schematic:sid_sniper_standard_founders_vr_ore_t01",
    "Schematic:sid_sniper_shredder_vr_ore_t01",
    "Schematic:sid_sniper_hydraulic_vr_ore_t01",
    "Schematic:sid_sniper_boltaction_scope_vr_ore_t01",
    "Schematic:sid_sniper_auto_vr_ore_t01",
    "Schematic:sid_sniper_auto_founders_vr_ore_t01",
    "Schematic:sid_sniper_amr_vr_ore_t01",
    "Schematic:sid_shotgun_tactical_precision_vr_ore_t01",
    "Schematic:sid_shotgun_tactical_founders_vr_ore_t01",
    "Schematic:sid_shotgun_standard_vr_ore_t01",
    "Schematic:sid_shotgun_semiauto_vr_ore_t01",
    "Schematic:sid_shotgun_longarm_vr_ore_t01",
    "Schematic:sid_shotgun_break_ou_vr_ore_t01",
    "Schematic:sid_shotgun_break_vr_ore_t01",
    "Schematic:sid_shotgun_auto_vr_ore_t01",
    "Schematic:sid_shotgun_auto_founders_vr_ore_t01",
    "Schematic:sid_pistol_zapper_vr_ore_t01",
    "Schematic:sid_pistol_space_vr_ore_t01",
    "Schematic:sid_pistol_semiauto_vr_ore_t01",
    "Schematic:sid_pistol_semiauto_founders_vr_ore_t01",
    "Schematic:sid_pistol_rapid_vr_ore_t01",
    "Schematic:sid_pistol_rapid_founders_vr_ore_t01",
    "Schematic:sid_pistol_hydraulic_vr_ore_t01",
    "Schematic:sid_pistol_handcannon_semi_vr_ore_t01",
    "Schematic:sid_pistol_handcannon_vr_ore_t01",
    "Schematic:sid_pistol_handcannon_founders_vr_ore_t01",
    "Schematic:sid_pistol_gatling_vr_ore_t01",
    "Schematic:sid_pistol_firecracker_vr_ore_t01",
    "Schematic:sid_pistol_dragon_vr_ore_t01",
    "Schematic:sid_pistol_bolt_vr_ore_t01",
    "Schematic:sid_pistol_autoheavy_vr_ore_t01",
    "Schematic:sid_pistol_autoheavy_founders_vr_ore_t01",
    "Schematic:sid_pistol_auto_vr_ore_t01",
    "Schematic:sid_launcher_rocket_vr_ore_t01",
    "Schematic:sid_launcher_hydraulic_vr_ore_t01",
    "Schematic:sid_launcher_grenade_vr_ore_t01"
  ],
  "ConversionControl:cck_ranged_core_unlimited": [
    "Schematic:sid_assault_auto_r_ore_t01",
    "Schematic:sid_assault_singleshot_r_ore_t01",
    "Schematic:sid_assault_semiauto_r_ore_t01",
    "Schematic:sid_assault_surgical_drum_founders_r_ore_t01",
    "Schematic:sid_assault_lmg_r_ore_t01",
    "Schematic:sid_assault_burst_r_ore_t01",
    "Schematic:sid_sniper_standard_r_ore_t01",
    "Schematic:sid_sniper_boltaction_scope_r_ore_t01",
    "Schematic:sid_sniper_boltaction_r_ore_t01",
    "Schematic:sid_sniper_auto_r_ore_t01",
    "Schematic:sid_sniper_amr_r_ore_t01",
    "Schematic:sid_shotgun_tactical_precision_r_ore_t01",
    "Schematic:sid_shotgun_tactical_r_ore_t01",
    "Schematic:sid_shotgun_tactical_founders_r_ore_t01",
    "Schematic:sid_shotgun_standard_r_ore_t01",
    "Schematic:sid_shotgun_semiauto_r_ore_t01",
    "Schematic:sid_shotgun_break_ou_r_ore_t01",
    "Schematic:sid_shotgun_break_r_ore_t01",
    "Schematic:sid_shotgun_auto_r_ore_t01",
    "Schematic:sid_pistol_sixshooter_r_ore_t01",
    "Schematic:sid_pistol_semiauto_r_ore_t01",
    "Schematic:sid_pistol_rapid_r_ore_t01",
    "Schematic:sid_pistol_handcannon_semi_r_ore_t01",
    "Schematic:sid_pistol_handcannon_r_ore_t01",
    "Schematic:sid_pistol_firecracker_r_ore_t01",
    "Schematic:sid_pistol_boltrevolver_r_ore_t01",
    "Schematic:sid_pistol_autoheavy_r_ore_t01",
    "Schematic:sid_pistol_autoheavy_founders_r_ore_t01",
    "Schematic:sid_pistol_auto_r_ore_t01",
    "Schematic:sid_launcher_rocket_r_ore_t01",
    "Schematic:sid_launcher_grenade_r_ore_t01"
  ],
  "ConversionControl:cck_ranged_assault_unlimited": [
    "Schematic:sid_assault_auto_r_ore_t01",
    "Schematic:sid_assault_singleshot_r_ore_t01",
    "Schematic:sid_assault_semiauto_r_ore_t01",
    "Schematic:sid_assault_surgical_drum_founders_r_ore_t01",
    "Schematic:sid_assault_lmg_r_ore_t01",
    "Schematic:sid_assault_burst_r_ore_t01"
  ],
  "ConversionControl:cck_ranged_sniper_consumable_vr": [
    "Schematic:sid_sniper_tripleshot_vr_ore_t01",
    "Schematic:sid_sniper_standard_scope_vr_ore_t01",
    "Schematic:sid_sniper_standard_vr_ore_t01",
    "Schematic:sid_sniper_standard_founders_vr_ore_t01",
    "Schematic:sid_sniper_shredder_vr_ore_t01",
    "Schematic:sid_sniper_hydraulic_vr_ore_t01",
    "Schematic:sid_sniper_boltaction_scope_vr_ore_t01",
    "Schematic:sid_sniper_auto_vr_ore_t01",
    "Schematic:sid_sniper_auto_founders_vr_ore_t01",
    "Schematic:sid_sniper_amr_vr_ore_t01"
  ],
  "ConversionControl:cck_ranged_sniper_consumable_uc": [
    "Schematic:sid_sniper_standard_uc_ore_t01",
    "Schematic:sid_sniper_boltaction_uc_ore_t01",
    "Schematic:sid_sniper_auto_uc_ore_t01"
  ],
  "ConversionControl:cck_ranged_sniper_consumable_sr": [
    "Schematic:sid_sniper_tripleshot_sr_ore_t01",
    "Schematic:sid_sniper_standard_scope_sr_ore_t01",
    "Schematic:sid_sniper_standard_sr_ore_t01",
    "Schematic:sid_sniper_shredder_sr_ore_t01",
    "Schematic:sid_sniper_hydraulic_sr_ore_t01",
    "Schematic:sid_sniper_boltaction_scope_sr_ore_t01",
    "Schematic:sid_sniper_auto_sr_ore_t01",
    "Schematic:sid_sniper_amr_sr_ore_t01"
  ],
  "ConversionControl:cck_ranged_sniper_consumable_r": [
    "Schematic:sid_sniper_standard_r_ore_t01",
    "Schematic:sid_sniper_boltaction_scope_r_ore_t01",
    "Schematic:sid_sniper_boltaction_r_ore_t01",
    "Schematic:sid_sniper_auto_r_ore_t01",
    "Schematic:sid_sniper_amr_r_ore_t01"
  ],
  "ConversionControl:cck_ranged_sniper_consumable_c": [
    "Schematic:sid_sniper_standard_c_ore_t01",
    "Schematic:sid_sniper_boltaction_c_ore_t01"
  ],
  "ConversionControl:cck_ranged_sniper_consumable": [
    "Schematic:sid_sniper_tripleshot_sr_ore_t01",
    "Schematic:sid_sniper_standard_scope_sr_ore_t01",
    "Schematic:sid_sniper_standard_sr_ore_t01",
    "Schematic:sid_sniper_shredder_sr_ore_t01",
    "Schematic:sid_sniper_hydraulic_sr_ore_t01",
    "Schematic:sid_sniper_boltaction_scope_sr_ore_t01",
    "Schematic:sid_sniper_auto_sr_ore_t01",
    "Schematic:sid_sniper_amr_sr_ore_t01"
  ],
  "ConversionControl:cck_ranged_shotgun_consumable_vr": [
    "Schematic:sid_shotgun_tactical_precision_vr_ore_t01",
    "Schematic:sid_shotgun_tactical_founders_vr_ore_t01",
    "Schematic:sid_shotgun_standard_vr_ore_t01",
    "Schematic:sid_shotgun_semiauto_vr_ore_t01",
    "Schematic:sid_shotgun_longarm_vr_ore_t01",
    "Schematic:sid_shotgun_break_ou_vr_ore_t01",
    "Schematic:sid_shotgun_break_vr_ore_t01",
    "Schematic:sid_shotgun_auto_vr_ore_t01",
    "Schematic:sid_shotgun_auto_founders_vr_ore_t01"
  ],
  "ConversionControl:cck_ranged_shotgun_consumable_uc": [
    "Schematic:sid_shotgun_tactical_uc_ore_t01",
    "Schematic:sid_shotgun_standard_uc_ore_t01",
    "Schematic:sid_shotgun_semiauto_uc_ore_t01",
    "Schematic:sid_shotgun_break_ou_uc_ore_t01",
    "Schematic:sid_shotgun_break_uc_ore_t01",
    "Schematic:sid_shotgun_auto_uc_ore_t01"
  ],
  "ConversionControl:cck_ranged_shotgun_consumable_sr": [
    "Schematic:sid_shotgun_tactical_precision_sr_ore_t01",
    "Schematic:sid_shotgun_tactical_founders_sr_ore_t01",
    "Schematic:sid_shotgun_standard_sr_ore_t01",
    "Schematic:sid_shotgun_semiauto_sr_ore_t01",
    "Schematic:sid_shotgun_minigun_sr_ore_t01",
    "Schematic:sid_shotgun_longarm_sr_ore_t01",
    "Schematic:sid_shotgun_heavy_sr_ore_t01",
    "Schematic:sid_shotgun_break_ou_sr_ore_t01",
    "Schematic:sid_shotgun_break_sr_ore_t01",
    "Schematic:sid_shotgun_auto_sr_ore_t01"
  ],
  "ConversionControl:cck_ranged_shotgun_consumable_r": [
    "Schematic:sid_shotgun_tactical_precision_r_ore_t01",
    "Schematic:sid_shotgun_tactical_r_ore_t01",
    "Schematic:sid_shotgun_tactical_founders_r_ore_t01",
    "Schematic:sid_shotgun_standard_r_ore_t01",
    "Schematic:sid_shotgun_semiauto_r_ore_t01",
    "Schematic:sid_shotgun_break_ou_r_ore_t01",
    "Schematic:sid_shotgun_break_r_ore_t01",
    "Schematic:sid_shotgun_auto_r_ore_t01"
  ],
  "ConversionControl:cck_ranged_shotgun_consumable_c": [
    "Schematic:sid_shotgun_tactical_c_ore_t01",
    "Schematic:sid_shotgun_standard_c_ore_t01",
    "Schematic:sid_shotgun_break_c_ore_t01"
  ],
  "ConversionControl:cck_ranged_shotgun_consumable": [
    "Schematic:sid_shotgun_tactical_precision_sr_ore_t01",
    "Schematic:sid_shotgun_tactical_founders_sr_ore_t01",
    "Schematic:sid_shotgun_standard_sr_ore_t01",
    "Schematic:sid_shotgun_semiauto_sr_ore_t01",
    "Schematic:sid_shotgun_minigun_sr_ore_t01",
    "Schematic:sid_shotgun_longarm_sr_ore_t01",
    "Schematic:sid_shotgun_heavy_sr_ore_t01",
    "Schematic:sid_shotgun_break_ou_sr_ore_t01",
    "Schematic:sid_shotgun_break_sr_ore_t01",
    "Schematic:sid_shotgun_auto_sr_ore_t01"
  ],
  "ConversionControl:cck_ranged_pistol_consumable_vr": [
    "Schematic:sid_pistol_zapper_vr_ore_t01",
    "Schematic:sid_pistol_space_vr_ore_t01",
    "Schematic:sid_pistol_semiauto_vr_ore_t01",
    "Schematic:sid_pistol_semiauto_founders_vr_ore_t01",
    "Schematic:sid_pistol_rapid_vr_ore_t01",
    "Schematic:sid_pistol_rapid_founders_vr_ore_t01",
    "Schematic:sid_pistol_hydraulic_vr_ore_t01",
    "Schematic:sid_pistol_handcannon_semi_vr_ore_t01",
    "Schematic:sid_pistol_handcannon_vr_ore_t01",
    "Schematic:sid_pistol_handcannon_founders_vr_ore_t01",
    "Schematic:sid_pistol_gatling_vr_ore_t01",
    "Schematic:sid_pistol_firecracker_vr_ore_t01",
    "Schematic:sid_pistol_dragon_vr_ore_t01",
    "Schematic:sid_pistol_bolt_vr_ore_t01",
    "Schematic:sid_pistol_autoheavy_vr_ore_t01",
    "Schematic:sid_pistol_autoheavy_founders_vr_ore_t01",
    "Schematic:sid_pistol_auto_vr_ore_t01"
  ],
  "ConversionControl:cck_ranged_pistol_consumable_uc": [
    "Schematic:sid_pistol_sixshooter_uc_ore_t01",
    "Schematic:sid_pistol_semiauto_uc_ore_t01",
    "Schematic:sid_pistol_boltrevolver_uc_ore_t01",
    "Schematic:sid_pistol_auto_uc_ore_t01"
  ],
  "ConversionControl:cck_ranged_pistol_consumable_sr": [
    "Schematic:sid_pistol_zapper_sr_ore_t01",
    "Schematic:sid_pistol_space_sr_ore_t01",
    "Schematic:sid_pistol_semiauto_sr_ore_t01",
    "Schematic:sid_pistol_rocket_sr_ore_t01",
    "Schematic:sid_pistol_rapid_sr_ore_t01",
    "Schematic:sid_pistol_hydraulic_sr_ore_t01",
    "Schematic:sid_pistol_handcannon_semi_sr_ore_t01",
    "Schematic:sid_pistol_handcannon_sr_ore_t01",
    "Schematic:sid_pistol_gatling_sr_ore_t01",
    "Schematic:sid_pistol_firecracker_sr_ore_t01",
    "Schematic:sid_pistol_dragon_sr_ore_t01",
    "Schematic:sid_pistol_bolt_sr_ore_t01",
    "Schematic:sid_pistol_autoheavy_sr_ore_t01",
    "Schematic:sid_pistol_autoheavy_founders_sr_ore_t01",
    "Schematic:sid_pistol_auto_sr_ore_t01"
  ],
  "ConversionControl:cck_ranged_pistol_consumable_r": [
    "Schematic:sid_pistol_sixshooter_r_ore_t01",
    "Schematic:sid_pistol_semiauto_r_ore_t01",
    "Schematic:sid_pistol_rapid_r_ore_t01",
    "Schematic:sid_pistol_handcannon_semi_r_ore_t01",
    "Schematic:sid_pistol_handcannon_r_ore_t01",
    "Schematic:sid_pistol_firecracker_r_ore_t01",
    "Schematic:sid_pistol_boltrevolver_r_ore_t01",
    "Schematic:sid_pistol_autoheavy_r_ore_t01",
    "Schematic:sid_pistol_autoheavy_founders_r_ore_t01",
    "Schematic:sid_pistol_auto_r_ore_t01"
  ],
  "ConversionControl:cck_ranged_pistol_consumable_c": [
    "Schematic:sid_pistol_sixshooter_c_ore_t01",
    "Schematic:sid_pistol_semiauto_c_ore_t01",
    "Schematic:sid_pistol_boltrevolver_c_ore_t01",
    "Schematic:sid_pistol_auto_c_ore_t01."
  ],
  "ConversionControl:cck_ranged_pistol_consumable": [
    "Schematic:sid_pistol_zapper_sr_ore_t01",
    "Schematic:sid_pistol_space_sr_ore_t01",
    "Schematic:sid_pistol_semiauto_sr_ore_t01",
    "Schematic:sid_pistol_rocket_sr_ore_t01",
    "Schematic:sid_pistol_rapid_sr_ore_t01",
    "Schematic:sid_pistol_hydraulic_sr_ore_t01",
    "Schematic:sid_pistol_handcannon_semi_sr_ore_t01",
    "Schematic:sid_pistol_handcannon_sr_ore_t01",
    "Schematic:sid_pistol_gatling_sr_ore_t01",
    "Schematic:sid_pistol_firecracker_sr_ore_t01",
    "Schematic:sid_pistol_dragon_sr_ore_t01",
    "Schematic:sid_pistol_bolt_sr_ore_t01",
    "Schematic:sid_pistol_autoheavy_sr_ore_t01",
    "Schematic:sid_pistol_autoheavy_founders_sr_ore_t01",
    "Schematic:sid_pistol_auto_sr_ore_t01"
  ],
  "ConversionControl:cck_ranged_launcher_scavenger_consumable_sr": [
    "Schematic:sid_launcher_scavenger_sr_ore_t01"
  ],
  "ConversionControl:cck_ranged_launcher_pumpkin_consumable_sr": [
    "Schematic:sid_launcher_pumpkin_rpg_sr_ore_t01"
  ],
  "ConversionControl:cck_ranged_core_consumable": [
    "Schematic:sid_assault_auto_sr_ore_t01",
    "Schematic:sid_assault_auto_halloween_sr_ore_t01",
    "Schematic:sid_assault_auto_founders_sr_ore_t01",
    "Schematic:sid_assault_surgical_sr_ore_t01",
    "Schematic:sid_assault_singleshot_sr_ore_t01",
    "Schematic:sid_assault_semiauto_sr_ore_t01",
    "Schematic:sid_assault_raygun_sr_ore_t01",
    "Schematic:sid_assault_lmg_sr_ore_t01",
    "Schematic:sid_assault_lmg_drum_founders_sr_ore_t01",
    "Schematic:sid_assault_hydra_sr_ore_t01",
    "Schematic:sid_assault_doubleshot_sr_ore_t01",
    "Schematic:sid_assault_burst_sr_ore_t01",
    "Schematic:sid_sniper_tripleshot_sr_ore_t01",
    "Schematic:sid_sniper_standard_scope_sr_ore_t01",
    "Schematic:sid_sniper_standard_sr_ore_t01",
    "Schematic:sid_sniper_shredder_sr_ore_t01",
    "Schematic:sid_sniper_hydraulic_sr_ore_t01",
    "Schematic:sid_sniper_boltaction_scope_sr_ore_t01",
    "Schematic:sid_sniper_auto_sr_ore_t01",
    "Schematic:sid_sniper_amr_sr_ore_t01",
    "Schematic:sid_shotgun_tactical_precision_sr_ore_t01",
    "Schematic:sid_shotgun_tactical_founders_sr_ore_t01",
    "Schematic:sid_shotgun_standard_sr_ore_t01",
    "Schematic:sid_shotgun_semiauto_sr_ore_t01",
    "Schematic:sid_shotgun_minigun_sr_ore_t01",
    "Schematic:sid_shotgun_longarm_sr_ore_t01",
    "Schematic:sid_shotgun_heavy_sr_ore_t01",
    "Schematic:sid_shotgun_break_ou_sr_ore_t01",
    "Schematic:sid_shotgun_break_sr_ore_t01",
    "Schematic:sid_shotgun_auto_sr_ore_t01",
    "Schematic:sid_pistol_zapper_sr_ore_t01",
    "Schematic:sid_pistol_space_sr_ore_t01",
    "Schematic:sid_pistol_semiauto_sr_ore_t01",
    "Schematic:sid_pistol_rocket_sr_ore_t01",
    "Schematic:sid_pistol_rapid_sr_ore_t01",
    "Schematic:sid_pistol_hydraulic_sr_ore_t01",
    "Schematic:sid_pistol_handcannon_semi_sr_ore_t01",
    "Schematic:sid_pistol_handcannon_sr_ore_t01",
    "Schematic:sid_pistol_gatling_sr_ore_t01",
    "Schematic:sid_pistol_firecracker_sr_ore_t01",
    "Schematic:sid_pistol_dragon_sr_ore_t01",
    "Schematic:sid_pistol_bolt_sr_ore_t01",
    "Schematic:sid_pistol_autoheavy_sr_ore_t01",
    "Schematic:sid_pistol_autoheavy_founders_sr_ore_t01",
    "Schematic:sid_pistol_auto_sr_ore_t01",
    "Schematic:sid_launcher_rocket_sr_ore_t01",
    "Schematic:sid_launcher_pumpkin_rpg_sr_ore_t01",
    "Schematic:sid_launcher_hydraulic_sr_ore_t01",
    "Schematic:sid_launcher_grenade_sr_ore_t01"
  ],
  "ConversionControl:cck_ranged_assault_hydra_consumable_sr": [
    "Schematic:sid_assault_hydra_sr_ore_t01"
  ],
  "ConversionControl:cck_ranged_assault_consumable_vr": [
    "Schematic:sid_assault_surgical_vr_ore_t01",
    "Schematic:sid_assault_singleshot_vr_ore_t01",
    "Schematic:sid_assault_semiauto_vr_ore_t01",
    "Schematic:sid_assault_semiauto_founders_vr_ore_t01",
    "Schematic:sid_assault_raygun_vr_ore_t01",
    "Schematic:sid_assault_lmg_vr_ore_t01",
    "Schematic:sid_assault_lmg_drum_founders_vr_ore_t01",
    "Schematic:sid_assault_doubleshot_vr_ore_t01",
    "Schematic:sid_assault_burst_vr_ore_t01"
  ],
  "ConversionControl:cck_ranged_assault_consumable_uc": [
    "Schematic:sid_assault_auto_uc_ore_t01",
    "Schematic:sid_assault_semiauto_uc_ore_t01",
    "Schematic:sid_assault_burst_uc_ore_t01"
  ],
  "ConversionControl:cck_ranged_assault_consumable_sr": [
    "Schematic:sid_assault_surgical_sr_ore_t01",
    "Schematic:sid_assault_singleshot_sr_ore_t01",
    "Schematic:sid_assault_semiauto_sr_ore_t01",
    "Schematic:sid_assault_raygun_sr_ore_t01",
    "Schematic:sid_assault_lmg_sr_ore_t01",
    "Schematic:sid_assault_lmg_drum_founders_sr_ore_t01",
    "Schematic:sid_assault_hydra_sr_ore_t01",
    "Schematic:sid_assault_doubleshot_sr_ore_t01",
    "Schematic:sid_assault_burst_sr_ore_t01"
  ],
  "ConversionControl:cck_ranged_assault_consumable_r": [
    "Schematic:sid_assault_auto_r_ore_t01",
    "Schematic:sid_assault_singleshot_r_ore_t01",
    "Schematic:sid_assault_semiauto_r_ore_t01",
    "Schematic:sid_assault_surgical_drum_founders_r_ore_t01",
    "Schematic:sid_assault_lmg_r_ore_t01",
    "Schematic:sid_assault_burst_r_ore_t01"
  ],
  "ConversionControl:cck_ranged_assault_consumable_c": [
    "Schematic:sid_assault_auto_c_ore_t01",
    "Schematic:sid_assault_semiauto_c_ore_t01",
    "Schematic:sid_assault_burst_c_ore_t01"
  ],
  "ConversionControl:cck_ranged_assault_consumable": [
    "Schematic:sid_assault_surgical_sr_ore_t01",
    "Schematic:sid_assault_singleshot_sr_ore_t01",
    "Schematic:sid_assault_semiauto_sr_ore_t01",
    "Schematic:sid_assault_raygun_sr_ore_t01",
    "Schematic:sid_assault_lmg_sr_ore_t01",
    "Schematic:sid_assault_lmg_drum_founders_sr_ore_t01",
    "Schematic:sid_assault_hydra_sr_ore_t01",
    "Schematic:sid_assault_doubleshot_sr_ore_t01",
    "Schematic:sid_assault_burst_sr_ore_t01"
  ],
  "ConversionControl:cck_ranged_assault_auto_halloween_consumable_sr": [
    "Schematic:sid_assault_auto_halloween_sr_ore_t01"
  ],
  "ConversionControl:cck_material_event_pumpkinwarhead": [
    "AccountResource:eventcurrency_pumpkinwarhead"
  ],
  "ConversionControl:cck_ranged_smg_consumable": [
    "Schematic:sid_pistol_autoheavy_sr_ore_t01",
    "Schematic:sid_pistol_gatling_sr_ore_t01",
    "Schematic:sid_pistol_auto_sr_ore_t01"
  ],
  "ConversionControl:cck_ranged_smg_consumable_c": [
    "Schematic:sid_pistol_auto_c_ore_t01"
  ],
  "ConversionControl:cck_ranged_smg_consumable_r": [
    "Schematic:sid_pistol_autoheavy_r_ore_t01",
    "Schematic:sid_pistol_auto_r_ore_t01"
  ],
  "ConversionControl:cck_ranged_smg_consumable_sr": [
    "Schematic:sid_pistol_autoheavy_sr_ore_t01",
    "Schematic:sid_pistol_gatling_sr_ore_t01",
    "Schematic:sid_pistol_auto_sr_ore_t01"
  ],
  "ConversionControl:cck_ranged_smg_consumable_uc": [
    "Schematic:sid_pistol_auto_uc_ore_t01"
  ],
  "ConversionControl:cck_ranged_smg_consumable_vr": [
    "Schematic:sid_pistol_autoheavy_vr_ore_t01",
    "Schematic:sid_pistol_gatling_vr_ore_t01",
    "Schematic:sid_pistol_auto_vr_ore_t01"
  ],
  "ConversionControl:cck_ranged_smg_unlimited": [
    "Schematic:sid_pistol_autoheavy_r_ore_t01",
    "Schematic:sid_pistol_auto_r_ore_t01"
  ],
  "ConversionControl:cck_melee_tool_unlimited": [
    "Schematic:sid_blunt_medium_r_ore_t01",
    "Schematic:sid_blunt_tool_light_r_ore_t01",
    "Schematic:sid_blunt_hammer_heavy_r_ore_t01"
  ],
  "ConversionControl:cck_melee_sword_unlimited": [
    "Schematic:sid_edged_sword_heavy_r_ore_t01",
    "Schematic:sid_edged_sword_light_r_ore_t01",
    "Schematic:sid_edged_sword_medium_r_ore_t01",
    "Schematic:sid_edged_sword_medium_laser_founders_r_ore_t01"
  ],
  "ConversionControl:cck_melee_spear_unlimited": [
    "Schematic:sid_piercing_spear_military_r_ore_t01",
    "Schematic:sid_piercing_spear_r_ore_t01"
  ],
  "ConversionControl:cck_melee_scythe_unlimited": [
    "Schematic:sid_edged_scythe_r_ore_t01"
  ],
  "ConversionControl:cck_melee_piercing_unlimited": [
    "Schematic:sid_piercing_spear_military_r_ore_t01",
    "Schematic:sid_piercing_spear_r_ore_t01"
  ],
  "ConversionControl:cck_melee_edged_unlimited": [
    "Schematic:sid_edged_sword_medium_laser_founders_r_ore_t01",
    "Schematic:sid_edged_sword_medium_r_ore_t01",
    "Schematic:sid_edged_sword_light_r_ore_t01",
    "Schematic:sid_edged_sword_heavy_r_ore_t01",
    "Schematic:sid_edged_scythe_r_ore_t01",
    "Schematic:sid_edged_axe_medium_r_ore_t01",
    "Schematic:sid_edged_axe_light_r_ore_t01",
    "Schematic:sid_edged_axe_heavy_r_ore_t01"
  ],
  "ConversionControl:cck_melee_core_unlimited_vr": [
    "Schematic:sid_piercing_spear_military_vr_ore_t01",
    "Schematic:sid_piercing_spear_laser_vr_ore_t01",
    "Schematic:sid_piercing_spear_vr_ore_t01",
    "Schematic:sid_edged_sword_medium_laser_vr_ore_t01",
    "Schematic:sid_edged_sword_medium_laser_founders_vr_ore_t01",
    "Schematic:sid_edged_sword_medium_vr_ore_t01",
    "Schematic:sid_edged_sword_light_vr_ore_t01",
    "Schematic:sid_edged_sword_light_founders_vr_ore_t01",
    "Schematic:sid_edged_sword_hydraulic_vr_ore_t01",
    "Schematic:sid_edged_sword_heavy_vr_ore_t01",
    "Schematic:sid_edged_sword_heavy_founders_vr_ore_t01",
    "Schematic:sid_edged_scythe_laser_vr_ore_t01",
    "Schematic:sid_edged_scythe_vr_ore_t01",
    "Schematic:sid_edged_axe_medium_laser_vr_ore_t01",
    "Schematic:sid_edged_axe_medium_vr_ore_t01",
    "Schematic:sid_edged_axe_medium_founders_vr_ore_t01",
    "Schematic:sid_edged_axe_light_vr_ore_t01",
    "Schematic:sid_edged_axe_heavy_vr_ore_t01",
    "Schematic:sid_blunt_medium_vr_ore_t01",
    "Schematic:sid_blunt_light_vr_ore_t01",
    "Schematic:sid_blunt_hammer_rocket_vr_ore_t01",
    "Schematic:sid_blunt_hammer_heavy_vr_ore_t01",
    "Schematic:sid_blunt_hammer_heavy_founders_vr_ore_t01",
    "Schematic:sid_blunt_light_rocketbat_vr_ore_t01",
    "Schematic:sid_blunt_club_light_vr_ore_t01"
  ],
  "ConversionControl:cck_melee_core_unlimited": [
    "Schematic:sid_piercing_spear_military_r_ore_t01",
    "Schematic:sid_piercing_spear_r_ore_t01",
    "Schematic:sid_edged_sword_medium_laser_founders_r_ore_t01",
    "Schematic:sid_edged_sword_medium_r_ore_t01",
    "Schematic:sid_edged_sword_light_r_ore_t01",
    "Schematic:sid_edged_sword_heavy_r_ore_t01",
    "Schematic:sid_edged_scythe_r_ore_t01",
    "Schematic:sid_edged_axe_medium_r_ore_t01",
    "Schematic:sid_edged_axe_light_r_ore_t01",
    "Schematic:sid_edged_axe_heavy_r_ore_t01",
    "Schematic:sid_blunt_medium_r_ore_t01",
    "Schematic:sid_blunt_tool_light_r_ore_t01",
    "Schematic:sid_blunt_hammer_heavy_r_ore_t01",
    "Schematic:sid_blunt_light_bat_r_ore_t01",
    "Schematic:sid_blunt_light_r_ore_t01",
    "Schematic:sid_blunt_heavy_paddle_r_ore_t01"
  ],
  "ConversionControl:cck_melee_club_unlimited": [
    "Schematic:sid_blunt_light_bat_r_ore_t01",
    "Schematic:sid_blunt_light_r_ore_t01",
    "Schematic:sid_blunt_heavy_paddle_r_ore_t01"
  ],
  "ConversionControl:cck_melee_blunt_unlimited": [
    "Schematic:sid_blunt_medium_r_ore_t01",
    "Schematic:sid_blunt_tool_light_r_ore_t01",
    "Schematic:sid_blunt_hammer_heavy_r_ore_t01",
    "Schematic:sid_blunt_light_bat_r_ore_t01",
    "Schematic:sid_blunt_light_r_ore_t01",
    "Schematic:sid_blunt_heavy_paddle_r_ore_t01"
  ],
  "ConversionControl:cck_melee_axe_unlimited": [
    "Schematic:sid_edged_axe_heavy_r_ore_t01",
    "Schematic:sid_edged_axe_light_r_ore_t01",
    "Schematic:sid_edged_axe_medium_r_ore_t01"
  ],
  "ConversionControl:cck_melee_tool_consumable_vr": [
    "Schematic:sid_blunt_medium_vr_ore_t01",
    "Schematic:sid_blunt_light_vr_ore_t01",
    "Schematic:sid_blunt_hammer_rocket_vr_ore_t01",
    "Schematic:sid_blunt_hammer_heavy_vr_ore_t01",
    "Schematic:sid_blunt_hammer_heavy_founders_vr_ore_t01"
  ],
  "ConversionControl:cck_melee_tool_consumable_uc": [
    "Schematic:sid_blunt_medium_uc_ore_t01",
    "Schematic:sid_blunt_tool_light_uc_ore_t01",
    "Schematic:sid_blunt_hammer_heavy_uc_ore_t01"
  ],
  "ConversionControl:cck_melee_tool_consumable_sr": [
    "Schematic:sid_blunt_medium_sr_ore_t01",
    "Schematic:sid_blunt_light_sr_ore_t01",
    "Schematic:sid_blunt_hammer_rocket_sr_ore_t01",
    "Schematic:sid_blunt_hammer_heavy_sr_ore_t01"
  ],
  "ConversionControl:cck_melee_tool_consumable_r": [
    "Schematic:sid_blunt_medium_r_ore_t01",
    "Schematic:sid_blunt_tool_light_r_ore_t01",
    "Schematic:sid_blunt_hammer_heavy_r_ore_t01"
  ],
  "ConversionControl:cck_melee_tool_consumable_c": [
    "Schematic:sid_blunt_medium_c_ore_t01",
    "Schematic:sid_blunt_hammer_heavy_c_ore_t01"
  ],
  "ConversionControl:cck_melee_tool_consumable": [
    "Schematic:sid_blunt_medium_sr_ore_t01",
    "Schematic:sid_blunt_light_sr_ore_t01",
    "Schematic:sid_blunt_hammer_rocket_sr_ore_t01",
    "Schematic:sid_blunt_hammer_heavy_sr_ore_t01"
  ],
  "ConversionControl:cck_melee_sword_consumable_vr": [
    "Schematic:sid_edged_sword_heavy_vr_ore_t01",
    "Schematic:sid_edged_sword_heavy_founders_vr_ore_t01",
    "Schematic:sid_edged_sword_hydraulic_vr_ore_t01",
    "Schematic:sid_edged_sword_light_vr_ore_t01",
    "Schematic:sid_edged_sword_light_founders_vr_ore_t01",
    "Schematic:sid_edged_sword_medium_vr_ore_t01",
    "Schematic:sid_edged_sword_medium_laser_vr_ore_t01",
    "Schematic:sid_edged_sword_medium_laser_founders_vr_ore_t01"
  ],
  "ConversionControl:cck_melee_sword_consumable_uc": [
    "Schematic:sid_edged_sword_heavy_uc_ore_t01",
    "Schematic:sid_edged_sword_light_uc_ore_t01",
    "Schematic:sid_edged_sword_medium_uc_ore_t01"
  ],
  "ConversionControl:cck_melee_sword_consumable_sr": [
    "Schematic:sid_edged_sword_heavy_sr_ore_t01",
    "Schematic:sid_edged_sword_hydraulic_sr_ore_t01",
    "Schematic:sid_edged_sword_light_sr_ore_t01",
    "Schematic:sid_edged_sword_medium_sr_ore_t01",
    "Schematic:sid_edged_sword_medium_laser_sr_ore_t01",
    "Schematic:sid_edged_sword_medium_laser_founders_sr_ore_t01"
  ],
  "ConversionControl:cck_melee_sword_consumable_r": [
    "Schematic:sid_edged_sword_heavy_r_ore_t01",
    "Schematic:sid_edged_sword_light_r_ore_t01",
    "Schematic:sid_edged_sword_medium_r_ore_t01",
    "Schematic:sid_edged_sword_medium_laser_founders_r_ore_t01"
  ],
  "ConversionControl:cck_melee_sword_consumable_c": [
    "Schematic:sid_edged_sword_heavy_c_ore_t01",
    "Schematic:sid_edged_sword_light_c_ore_t01",
    "Schematic:sid_edged_sword_medium_c_ore_t01"
  ],
  "ConversionControl:cck_melee_sword_consumable": [
    "Schematic:sid_edged_sword_heavy_sr_ore_t01",
    "Schematic:sid_edged_sword_hydraulic_sr_ore_t01",
    "Schematic:sid_edged_sword_light_sr_ore_t01",
    "Schematic:sid_edged_sword_medium_sr_ore_t01",
    "Schematic:sid_edged_sword_medium_laser_sr_ore_t01",
    "Schematic:sid_edged_sword_medium_laser_founders_sr_ore_t01"
  ],
  "ConversionControl:cck_melee_spear_consumable_vr": [
    "Schematic:sid_piercing_spear_military_vr_ore_t01",
    "Schematic:sid_piercing_spear_laser_vr_ore_t01",
    "Schematic:sid_piercing_spear_vr_ore_t01"
  ],
  "ConversionControl:cck_melee_spear_consumable_uc": [
    "Schematic:sid_piercing_spear_uc_ore_t01"
  ],
  "ConversionControl:cck_melee_spear_consumable_sr": [
    "Schematic:sid_piercing_spear_military_sr_ore_t01",
    "Schematic:sid_piercing_spear_laser_sr_ore_t01",
    "Schematic:sid_piercing_spear_sr_ore_t01"
  ],
  "ConversionControl:cck_melee_spear_consumable_r": [
    "Schematic:sid_piercing_spear_military_r_ore_t01",
    "Schematic:sid_piercing_spear_r_ore_t01"
  ],
  "ConversionControl:cck_melee_spear_consumable_c": [
    "Schematic:sid_piercing_spear_c_ore_t01"
  ],
  "ConversionControl:cck_melee_spear_consumable": [
    "Schematic:sid_piercing_spear_military_sr_ore_t01",
    "Schematic:sid_piercing_spear_laser_sr_ore_t01",
    "Schematic:sid_piercing_spear_sr_ore_t01"
  ],
  "ConversionControl:cck_melee_scythe_consumable_vr": [
    "Schematic:sid_edged_scythe_vr_ore_t01",
    "Schematic:sid_edged_scythe_laser_vr_ore_t01"
  ],
  "ConversionControl:cck_melee_scythe_consumable_uc": [
    "Schematic:sid_edged_scythe_uc_ore_t01"
  ],
  "ConversionControl:cck_melee_scythe_consumable_sr": [
    "Schematic:sid_edged_scythe_sr_ore_t01",
    "Schematic:sid_edged_scythe_laser_sr_ore_t01"
  ],
  "ConversionControl:cck_melee_scythe_consumable_r": [
    "Schematic:sid_edged_scythe_r_ore_t01"
  ],
  "ConversionControl:cck_melee_scythe_consumable_c": [
    "Schematic:sid_edged_scythe_c_ore_t01"
  ],
  "ConversionControl:cck_melee_scythe_consumable": [
    "Schematic:sid_edged_scythe_sr_ore_t01",
    "Schematic:sid_edged_scythe_laser_sr_ore_t01"
  ],
  "ConversionControl:cck_melee_piercing_consumable": [
    "Schematic:sid_piercing_spear_military_sr_ore_t01",
    "Schematic:sid_piercing_spear_laser_sr_ore_t01",
    "Schematic:sid_piercing_spear_sr_ore_t01"
  ],
  "ConversionControl:cck_melee_edged_consumable": [
    "Schematic:sid_edged_sword_medium_laser_sr_ore_t01",
    "Schematic:sid_edged_sword_medium_laser_founders_sr_ore_t01",
    "Schematic:sid_edged_sword_medium_sr_ore_t01",
    "Schematic:sid_edged_sword_light_sr_ore_t01",
    "Schematic:sid_edged_sword_hydraulic_sr_ore_t01",
    "Schematic:sid_edged_sword_heavy_sr_ore_t01",
    "Schematic:sid_edged_scythe_laser_sr_ore_t01",
    "Schematic:sid_edged_scythe_sr_ore_t01",
    "Schematic:sid_edged_axe_medium_laser_sr_ore_t01",
    "Schematic:sid_edged_axe_medium_sr_ore_t01",
    "Schematic:sid_edged_axe_light_sr_ore_t01",
    "Schematic:sid_edged_axe_heavy_sr_ore_t01"
  ],
  "ConversionControl:cck_melee_core_consumable": [
    "Schematic:sid_piercing_spear_military_sr_ore_t01",
    "Schematic:sid_piercing_spear_laser_sr_ore_t01",
    "Schematic:sid_piercing_spear_sr_ore_t01",
    "Schematic:sid_edged_sword_medium_laser_sr_ore_t01",
    "Schematic:sid_edged_sword_medium_laser_founders_sr_ore_t01",
    "Schematic:sid_edged_sword_medium_sr_ore_t01",
    "Schematic:sid_edged_sword_light_sr_ore_t01",
    "Schematic:sid_edged_sword_hydraulic_sr_ore_t01",
    "Schematic:sid_edged_sword_heavy_sr_ore_t01",
    "Schematic:sid_edged_scythe_laser_sr_ore_t01",
    "Schematic:sid_edged_scythe_sr_ore_t01",
    "Schematic:sid_edged_axe_medium_laser_sr_ore_t01",
    "Schematic:sid_edged_axe_medium_sr_ore_t01",
    "Schematic:sid_edged_axe_light_sr_ore_t01",
    "Schematic:sid_edged_axe_heavy_sr_ore_t01",
    "Schematic:sid_blunt_medium_sr_ore_t01",
    "Schematic:sid_blunt_light_sr_ore_t01",
    "Schematic:sid_blunt_hammer_rocket_sr_ore_t01",
    "Schematic:sid_blunt_hammer_heavy_sr_ore_t01",
    "Schematic:sid_blunt_light_rocketbat_sr_ore_t01",
    "Schematic:sid_blunt_club_light_sr_ore_t01"
  ],
  "ConversionControl:cck_melee_club_consumable_vr": [
    "Schematic:sid_blunt_light_rocketbat_vr_ore_t01",
    "Schematic:sid_blunt_club_light_vr_ore_t01"
  ],
  "ConversionControl:cck_melee_club_consumable_uc": [
    "Schematic:sid_blunt_light_bat_uc_ore_t01",
    "Schematic:sid_blunt_light_uc_ore_t01",
    "Schematic:sid_blunt_heavy_paddle_uc_ore_t01"
  ],
  "ConversionControl:cck_melee_club_consumable_sr": [
    "Schematic:sid_blunt_light_rocketbat_sr_ore_t01",
    "Schematic:sid_blunt_club_light_sr_ore_t01"
  ],
  "ConversionControl:cck_melee_club_consumable_r": [
    "Schematic:sid_blunt_light_bat_r_ore_t01",
    "Schematic:sid_blunt_light_r_ore_t01",
    "Schematic:sid_blunt_heavy_paddle_r_ore_t01"
  ],
  "ConversionControl:cck_melee_club_consumable_c": [
    "Schematic:sid_blunt_light_c_ore_t01",
    "Schematic:sid_blunt_heavy_paddle_c_ore_t01"
  ],
  "ConversionControl:cck_melee_club_consumable": [
    "Schematic:sid_blunt_light_rocketbat_sr_ore_t01",
    "Schematic:sid_blunt_club_light_sr_ore_t01"
  ],
  "ConversionControl:cck_melee_blunt_consumable": [
    "Schematic:sid_blunt_medium_sr_ore_t01",
    "Schematic:sid_blunt_light_sr_ore_t01",
    "Schematic:sid_blunt_hammer_rocket_sr_ore_t01",
    "Schematic:sid_blunt_hammer_heavy_sr_ore_t01",
    "Schematic:sid_blunt_light_rocketbat_sr_ore_t01",
    "Schematic:sid_blunt_club_light_sr_ore_t01"
  ],
  "ConversionControl:cck_melee_axe_consumable_vr": [
    "Schematic:sid_edged_axe_heavy_vr_ore_t01",
    "Schematic:sid_edged_axe_light_vr_ore_t01",
    "Schematic:sid_edged_axe_medium_vr_ore_t01",
    "Schematic:sid_edged_axe_medium_founders_vr_ore_t01",
    "Schematic:sid_edged_axe_medium_laser_vr_ore_t01"
  ],
  "ConversionControl:cck_melee_axe_consumable_uc": [
    "Schematic:sid_edged_axe_heavy_uc_ore_t01",
    "Schematic:sid_edged_axe_light_uc_ore_t01",
    "Schematic:sid_edged_axe_medium_uc_ore_t01"
  ],
  "ConversionControl:cck_melee_axe_consumable_sr": [
    "Schematic:sid_edged_axe_heavy_sr_ore_t01",
    "Schematic:sid_edged_axe_light_sr_ore_t01",
    "Schematic:sid_edged_axe_medium_sr_ore_t01",
    "Schematic:sid_edged_axe_medium_laser_sr_ore_t01"
  ],
  "ConversionControl:cck_melee_axe_consumable_r": [
    "Schematic:sid_edged_axe_heavy_r_ore_t01",
    "Schematic:sid_edged_axe_light_r_ore_t01",
    "Schematic:sid_edged_axe_medium_r_ore_t01"
  ],
  "ConversionControl:cck_melee_axe_consumable_c": [
    "Schematic:sid_edged_axe_heavy_c_ore_t01",
    "Schematic:sid_edged_axe_light_c_ore_t01",
    "Schematic:sid_edged_axe_medium_c_ore_t01"
  ],
  "ConversionControl:cck_melee_axe_consumable": [
    "Schematic:sid_edged_axe_heavy_sr_ore_t01",
    "Schematic:sid_edged_axe_light_sr_ore_t01",
    "Schematic:sid_edged_axe_medium_sr_ore_t01",
    "Schematic:sid_edged_axe_medium_laser_sr_ore_t01"
  ],
  "ConversionControl:cck_manager_core_unlimited": [
    "Worker:managertrainer_uc_t01",
    "Worker:managersoldier_uc_t01",
    "Worker:managermartialartist_uc_t01",
    "Worker:managerinventor_uc_t01",
    "Worker:managergadgeteer_uc_t01",
    "Worker:managerexplorer_uc_t01",
    "Worker:managerengineer_uc_t01",
    "Worker:managerdoctor_uc_t01"
  ],
  "ConversionControl:cck_manager_core_consumable_vr": [
    "Worker:managerquestdoctor_r_t01",
    "Worker:managertrainer_r_t01",
    "Worker:managersoldier_r_t01",
    "Worker:managermartialartist_r_t01",
    "Worker:managerinventor_r_t01",
    "Worker:managergadgeteer_r_t01",
    "Worker:managerexplorer_r_t01",
    "Worker:managerengineer_r_t01",
    "Worker:managerdoctor_r_t01"
  ],
  "ConversionControl:cck_manager_core_consumable_uc": [
    "Worker:managertrainer_c_t01",
    "Worker:managersoldier_c_t01",
    "Worker:managermartialartist_c_t01",
    "Worker:managerinventor_c_t01",
    "Worker:managergadgeteer_c_t01",
    "Worker:managerexplorer_c_t01",
    "Worker:managerengineer_c_t01",
    "Worker:managerdoctor_c_t01"
  ],
  "ConversionControl:cck_manager_core_consumable_sr": [
    "Worker:managertrainer_vr_t01",
    "Worker:managersoldier_vr_t01",
    "Worker:managermartialartist_vr_t01",
    "Worker:managerinventor_vr_t01",
    "Worker:managergadgeteer_vr_t01",
    "Worker:managerexplorer_vr_t01",
    "Worker:managerengineer_vr_t01",
    "Worker:managerdoctor_vr_t01"
  ],
  "ConversionControl:cck_manager_core_consumable_r": [
    "Worker:managertrainer_uc_t01",
    "Worker:managersoldier_uc_t01",
    "Worker:managermartialartist_uc_t01",
    "Worker:managerinventor_uc_t01",
    "Worker:managergadgeteer_uc_t01",
    "Worker:managerexplorer_uc_t01",
    "Worker:managerengineer_uc_t01",
    "Worker:managerdoctor_uc_t01"
  ],
  "ConversionControl:cck_manager_core_consumable_c": [
    "Worker:managertrainer_c_t01",
    "Worker:managersoldier_c_t01",
    "Worker:managermartialartist_c_t01",
    "Worker:managerinventor_c_t01",
    "Worker:managergadgeteer_c_t01",
    "Worker:managerexplorer_c_t01",
    "Worker:managerengineer_c_t01",
    "Worker:managerdoctor_c_t01"
  ],
  "ConversionControl:cck_manager_core_consumable": [
    "Worker:managertrainer_vr_t01",
    "Worker:managersoldier_vr_t01",
    "Worker:managermartialartist_vr_t01",
    "Worker:managerinventor_vr_t01",
    "Worker:managergadgeteer_vr_t01",
    "Worker:managerexplorer_vr_t01",
    "Worker:managerengineer_vr_t01",
    "Worker:managerdoctor_vr_t01"
  ],
  "ConversionControl:cck_hero_outlander_unlimited": [
    "Hero:hid_outlander_zonepistol_r_t01",
    "Hero:hid_outlander_zoneharvest_r_t01",
    "Hero:hid_outlander_spherefragment_r_t01",
    "Hero:hid_outlander_punchphase_r_t01",
    "Hero:hid_outlander_009_r_t01",
    "Hero:hid_outlander_008_r_t01",
    "Hero:hid_outlander_007_r_t01",
    "Hero:hid_outlander_sony_r_t01"
  ],
  "ConversionControl:cck_hero_ninja_unlimited": [
    "Hero:hid_ninja_starsassassin_r_t01",
    "Hero:hid_ninja_smokedimmak_r_t01",
    "Hero:hid_ninja_slashtail_r_t01",
    "Hero:hid_ninja_slashbreath_r_t01",
    "Hero:hid_ninja_009_r_t01",
    "Hero:hid_ninja_008_r_t01",
    "Hero:hid_ninja_007_r_t01",
    "Hero:hid_ninja_sony_r_t01"
  ],
  "ConversionControl:cck_hero_core_unlimited": [
    "Hero:hid_outlander_zonepistol_r_t01",
    "Hero:hid_outlander_zoneharvest_r_t01",
    "Hero:hid_outlander_spherefragment_r_t01",
    "Hero:hid_outlander_punchphase_r_t01",
    "Hero:hid_outlander_009_r_t01",
    "Hero:hid_outlander_008_r_t01",
    "Hero:hid_outlander_007_r_t01",
    "Hero:hid_outlander_sony_r_t01",
    "Hero:hid_ninja_starsassassin_r_t01",
    "Hero:hid_ninja_smokedimmak_r_t01",
    "Hero:hid_ninja_slashtail_r_t01",
    "Hero:hid_ninja_slashbreath_r_t01",
    "Hero:hid_ninja_009_r_t01",
    "Hero:hid_ninja_008_r_t01",
    "Hero:hid_ninja_007_r_t01",
    "Hero:hid_ninja_sony_r_t01",
    "Hero:hid_constructor_rushbase_r_t01",
    "Hero:hid_constructor_plasmadamage_r_t01",
    "Hero:hid_constructor_hammertank_r_t01",
    "Hero:hid_constructor_basehyper_r_t01",
    "Hero:hid_constructor_009_r_t01",
    "Hero:hid_constructor_008_r_t01",
    "Hero:hid_constructor_007_r_t01",
    "Hero:hid_constructor_sony_r_t01",
    "Hero:hid_commando_shockdamage_r_t01",
    "Hero:hid_commando_guntough_r_t01",
    "Hero:hid_commando_grenadegun_r_t01",
    "Hero:hid_commando_gcgrenade_r_t01",
    "Hero:hid_commando_009_r_t01",
    "Hero:hid_commando_008_r_t01",
    "Hero:hid_commando_007_r_t01",
    "Hero:hid_commando_sony_r_t01"
  ],
  "ConversionControl:cck_hero_constructor_unlimited": [
    "Hero:hid_constructor_rushbase_r_t01",
    "Hero:hid_constructor_plasmadamage_r_t01",
    "Hero:hid_constructor_hammertank_r_t01",
    "Hero:hid_constructor_basehyper_r_t01",
    "Hero:hid_constructor_009_r_t01",
    "Hero:hid_constructor_008_r_t01",
    "Hero:hid_constructor_007_r_t01",
    "Hero:hid_constructor_sony_r_t01"
  ],
  "ConversionControl:cck_hero_commando_unlimited": [
    "Hero:hid_commando_shockdamage_r_t01",
    "Hero:hid_commando_guntough_r_t01",
    "Hero:hid_commando_grenadegun_r_t01",
    "Hero:hid_commando_gcgrenade_r_t01",
    "Hero:hid_commando_009_r_t01",
    "Hero:hid_commando_008_r_t01",
    "Hero:hid_commando_007_r_t01",
    "Hero:hid_commando_sony_r_t01"
  ],
  "ConversionControl:cck_hero_outlander_consumable": [
    "Hero:hid_outlander_zonepistolhw_sr_t01",
    "Hero:hid_outlander_zonepistol_sr_t01",
    "Hero:hid_outlander_zoneharvest_sr_t01",
    "Hero:hid_outlander_zonefragment_sr_t01",
    "Hero:hid_outlander_spherefragment_sr_t01",
    "Hero:hid_outlander_punchphase_sr_t01",
    "Hero:hid_outlander_punchdamage_sr_t01",
    "Hero:hid_outlander_010_sr_t01",
    "Hero:hid_outlander_009_sr_t01",
    "Hero:hid_outlander_008_sr_t01",
    "Hero:hid_outlander_007_sr_t01",
    "Hero:hid_outlander_008_foundersf_sr_t01",
    "Hero:hid_outlander_008_foundersm_sr_t01"
  ],
  "ConversionControl:cck_hero_ninja_consumable": [
    "Hero:hid_ninja_swordmaster_sr_t01",
    "Hero:hid_ninja_starsrainhw_sr_t01",
    "Hero:hid_ninja_starsrain_sr_t01",
    "Hero:hid_ninja_starsassassin_sr_t01",
    "Hero:hid_ninja_smokedimmak_sr_t01",
    "Hero:hid_ninja_slashtail_sr_t01",
    "Hero:hid_ninja_slashbreath_sr_t01",
    "Hero:hid_ninja_010_sr_t01",
    "Hero:hid_ninja_009_sr_t01",
    "Hero:hid_ninja_008_sr_t01",
    "Hero:hid_ninja_007_sr_t01",
    "Hero:hid_ninja_starsassassin_foundersf_sr_t01",
    "Hero:hid_ninja_starsassassin_foundersm_sr_t01"
  ],
  "ConversionControl:cck_hero_core_unlimited_vr": [
    "Hero:hid_outlander_zonepistol_vr_t01",
    "Hero:hid_outlander_zoneharvest_vr_t01",
    "Hero:hid_outlander_spherefragment_vr_t01",
    "Hero:hid_outlander_punchphase_vr_t01",
    "Hero:hid_outlander_punchdamage_vr_t01",
    "Hero:hid_outlander_010_vr_t01",
    "Hero:hid_outlander_009_vr_t01",
    "Hero:hid_outlander_008_vr_t01",
    "Hero:hid_outlander_007_vr_t01",
    "Hero:hid_ninja_starsrain_vr_t01",
    "Hero:hid_ninja_starsassassin_vr_t01",
    "Hero:hid_ninja_smokedimmak_vr_t01",
    "Hero:hid_ninja_slashtail_vr_t01",
    "Hero:hid_ninja_slashbreath_vr_t01",
    "Hero:hid_ninja_010_vr_t01",
    "Hero:hid_ninja_009_vr_t01",
    "Hero:hid_ninja_008_vr_t01",
    "Hero:hid_ninja_007_vr_t01",
    "Hero:hid_constructor_rushbase_vr_t01",
    "Hero:hid_constructor_plasmadamage_vr_t01",
    "Hero:hid_constructor_hammertank_vr_t01",
    "Hero:hid_constructor_hammerplasma_vr_t01",
    "Hero:hid_constructor_basehyper_vr_t01",
    "Hero:hid_constructor_010_vr_t01",
    "Hero:hid_constructor_009_vr_t01",
    "Hero:hid_constructor_008_vr_t01",
    "Hero:hid_constructor_007_vr_t01",
    "Hero:hid_commando_shockdamage_vr_t01",
    "Hero:hid_commando_guntough_vr_t01",
    "Hero:hid_commando_gunheadshot_vr_t01",
    "Hero:hid_commando_grenadegun_vr_t01",
    "Hero:hid_commando_gcgrenade_vr_t01",
    "Hero:hid_commando_010_vr_t01",
    "Hero:hid_commando_009_vr_t01",
    "Hero:hid_commando_008_vr_t01",
    "Hero:hid_commando_007_vr_t01"
  ],
  "ConversionControl:cck_hero_core_consumable_vr": [
    "Hero:hid_outlander_zonepistol_vr_t01",
    "Hero:hid_outlander_zoneharvest_vr_t01",
    "Hero:hid_outlander_spherefragment_vr_t01",
    "Hero:hid_outlander_punchphase_vr_t01",
    "Hero:hid_outlander_punchdamage_vr_t01",
    "Hero:hid_outlander_010_vr_t01",
    "Hero:hid_outlander_009_vr_t01",
    "Hero:hid_outlander_008_vr_t01",
    "Hero:hid_outlander_007_vr_t01",
    "Hero:hid_ninja_starsrain_vr_t01",
    "Hero:hid_ninja_starsassassin_vr_t01",
    "Hero:hid_ninja_smokedimmak_vr_t01",
    "Hero:hid_ninja_slashtail_vr_t01",
    "Hero:hid_ninja_slashbreath_vr_t01",
    "Hero:hid_ninja_010_vr_t01",
    "Hero:hid_ninja_009_vr_t01",
    "Hero:hid_ninja_008_vr_t01",
    "Hero:hid_ninja_007_vr_t01",
    "Hero:hid_constructor_rushbase_vr_t01",
    "Hero:hid_constructor_plasmadamage_vr_t01",
    "Hero:hid_constructor_hammertank_vr_t01",
    "Hero:hid_constructor_hammerplasma_vr_t01",
    "Hero:hid_constructor_basehyper_vr_t01",
    "Hero:hid_constructor_010_vr_t01",
    "Hero:hid_constructor_009_vr_t01",
    "Hero:hid_constructor_008_vr_t01",
    "Hero:hid_constructor_007_vr_t01",
    "Hero:hid_commando_shockdamage_vr_t01",
    "Hero:hid_commando_guntough_vr_t01",
    "Hero:hid_commando_gunheadshot_vr_t01",
    "Hero:hid_commando_grenadegun_vr_t01",
    "Hero:hid_commando_gcgrenade_vr_t01",
    "Hero:hid_commando_010_vr_t01",
    "Hero:hid_commando_009_vr_t01",
    "Hero:hid_commando_008_vr_t01",
    "Hero:hid_commando_007_vr_t01"
  ],
  "ConversionControl:cck_hero_core_consumable_uc": [
    "Hero:hid_outlander_zoneharvest_uc_t01",
    "Hero:hid_outlander_punchphase_uc_t01",
    "Hero:hid_outlander_007_uc_t01",
    "Hero:hid_ninja_starsassassin_uc_t01",
    "Hero:hid_ninja_slashtail_uc_t01",
    "Hero:hid_ninja_007_uc_t01",
    "Hero:hid_constructor_rushbase_uc_t01",
    "Hero:hid_constructor_hammertank_uc_t01",
    "Hero:hid_constructor_007_uc_t01",
    "Hero:hid_commando_grenadegun_uc_t01",
    "Hero:hid_commando_guntough_uc_t01",
    "Hero:hid_commando_007_uc_t01"
  ],
  "ConversionControl:cck_hero_core_consumable_sr": [
    "Hero:hid_outlander_zonepistolhw_sr_t01",
    "Hero:hid_outlander_zonepistol_sr_t01",
    "Hero:hid_outlander_zoneharvest_sr_t01",
    "Hero:hid_outlander_zonefragment_sr_t01",
    "Hero:hid_outlander_spherefragment_sr_t01",
    "Hero:hid_outlander_punchphase_sr_t01",
    "Hero:hid_outlander_punchdamage_sr_t01",
    "Hero:hid_outlander_010_sr_t01",
    "Hero:hid_outlander_009_sr_t01",
    "Hero:hid_outlander_008_sr_t01",
    "Hero:hid_outlander_007_sr_t01",
    "Hero:hid_outlander_008_foundersf_sr_t01",
    "Hero:hid_outlander_008_foundersm_sr_t01",
    "Hero:hid_ninja_swordmaster_sr_t01",
    "Hero:hid_ninja_starsrainhw_sr_t01",
    "Hero:hid_ninja_starsrain_sr_t01",
    "Hero:hid_ninja_starsassassin_sr_t01",
    "Hero:hid_ninja_smokedimmak_sr_t01",
    "Hero:hid_ninja_slashtail_sr_t01",
    "Hero:hid_ninja_slashbreath_sr_t01",
    "Hero:hid_ninja_010_sr_t01",
    "Hero:hid_ninja_009_sr_t01",
    "Hero:hid_ninja_008_sr_t01",
    "Hero:hid_ninja_007_sr_t01",
    "Hero:hid_ninja_starsassassin_foundersf_sr_t01",
    "Hero:hid_ninja_starsassassin_foundersm_sr_t01",
    "Hero:hid_constructor_rushbase_sr_t01",
    "Hero:hid_constructor_plasmadamage_sr_t01",
    "Hero:hid_constructor_hammertank_sr_t01",
    "Hero:hid_constructor_hammerplasma_sr_t01",
    "Hero:hid_constructor_basehyperhw_sr_t01",
    "Hero:hid_constructor_basehyper_sr_t01",
    "Hero:hid_constructor_basebig_sr_t01",
    "Hero:hid_constructor_010_sr_t01",
    "Hero:hid_constructor_009_sr_t01",
    "Hero:hid_constructor_008_sr_t01",
    "Hero:hid_constructor_007_sr_t01",
    "Hero:hid_constructor_008_foundersf_sr_t01",
    "Hero:hid_constructor_008_foundersm_sr_t01",
    "Hero:hid_commando_shockdamage_sr_t01",
    "Hero:hid_commando_guntough_sr_t01",
    "Hero:hid_commando_gunheadshothw_sr_t01",
    "Hero:hid_commando_gunheadshot_sr_t01",
    "Hero:hid_commando_grenademaster_sr_t01",
    "Hero:hid_commando_grenadegun_sr_t01",
    "Hero:hid_commando_gcgrenade_sr_t01",
    "Hero:hid_commando_010_sr_t01",
    "Hero:hid_commando_009_sr_t01",
    "Hero:hid_commando_008_sr_t01",
    "Hero:hid_commando_007_sr_t01",
    "Hero:hid_commando_008_foundersf_sr_t01",
    "Hero:hid_commando_008_foundersm_sr_t01"
  ],
  "ConversionControl:cck_hero_core_consumable_r": [
    "Hero:hid_outlander_zonepistol_r_t01",
    "Hero:hid_outlander_zoneharvest_r_t01",
    "Hero:hid_outlander_spherefragment_r_t01",
    "Hero:hid_outlander_punchphase_r_t01",
    "Hero:hid_outlander_009_r_t01",
    "Hero:hid_outlander_008_r_t01",
    "Hero:hid_outlander_007_r_t01",
    "Hero:hid_outlander_sony_r_t01",
    "Hero:hid_ninja_starsassassin_r_t01",
    "Hero:hid_ninja_smokedimmak_r_t01",
    "Hero:hid_ninja_slashtail_r_t01",
    "Hero:hid_ninja_slashbreath_r_t01",
    "Hero:hid_ninja_009_r_t01",
    "Hero:hid_ninja_008_r_t01",
    "Hero:hid_ninja_007_r_t01",
    "Hero:hid_ninja_sony_r_t01",
    "Hero:hid_constructor_rushbase_r_t01",
    "Hero:hid_constructor_plasmadamage_r_t01",
    "Hero:hid_constructor_hammertank_r_t01",
    "Hero:hid_constructor_basehyper_r_t01",
    "Hero:hid_constructor_009_r_t01",
    "Hero:hid_constructor_008_r_t01",
    "Hero:hid_constructor_007_r_t01",
    "Hero:hid_constructor_sony_r_t01",
    "Hero:hid_commando_shockdamage_r_t01",
    "Hero:hid_commando_guntough_r_t01",
    "Hero:hid_commando_grenadegun_r_t01",
    "Hero:hid_commando_gcgrenade_r_t01",
    "Hero:hid_commando_009_r_t01",
    "Hero:hid_commando_008_r_t01",
    "Hero:hid_commando_007_r_t01",
    "Hero:hid_commando_sony_r_t01"
  ],
  "ConversionControl:cck_hero_core_consumable": [
    "Hero:hid_outlander_zonepistolhw_sr_t01",
    "Hero:hid_outlander_zonepistol_sr_t01",
    "Hero:hid_outlander_zoneharvest_sr_t01",
    "Hero:hid_outlander_zonefragment_sr_t01",
    "Hero:hid_outlander_spherefragment_sr_t01",
    "Hero:hid_outlander_punchphase_sr_t01",
    "Hero:hid_outlander_punchdamage_sr_t01",
    "Hero:hid_outlander_010_sr_t01",
    "Hero:hid_outlander_009_sr_t01",
    "Hero:hid_outlander_008_sr_t01",
    "Hero:hid_outlander_007_sr_t01",
    "Hero:hid_outlander_008_foundersf_sr_t01",
    "Hero:hid_outlander_008_foundersm_sr_t01",
    "Hero:hid_ninja_swordmaster_sr_t01",
    "Hero:hid_ninja_starsrainhw_sr_t01",
    "Hero:hid_ninja_starsrain_sr_t01",
    "Hero:hid_ninja_starsassassin_sr_t01",
    "Hero:hid_ninja_smokedimmak_sr_t01",
    "Hero:hid_ninja_slashtail_sr_t01",
    "Hero:hid_ninja_slashbreath_sr_t01",
    "Hero:hid_ninja_010_sr_t01",
    "Hero:hid_ninja_009_sr_t01",
    "Hero:hid_ninja_008_sr_t01",
    "Hero:hid_ninja_007_sr_t01",
    "Hero:hid_ninja_starsassassin_foundersf_sr_t01",
    "Hero:hid_ninja_starsassassin_foundersm_sr_t01",
    "Hero:hid_constructor_rushbase_sr_t01",
    "Hero:hid_constructor_plasmadamage_sr_t01",
    "Hero:hid_constructor_hammertank_sr_t01",
    "Hero:hid_constructor_hammerplasma_sr_t01",
    "Hero:hid_constructor_basehyperhw_sr_t01",
    "Hero:hid_constructor_basehyper_sr_t01",
    "Hero:hid_constructor_basebig_sr_t01",
    "Hero:hid_constructor_010_sr_t01",
    "Hero:hid_constructor_009_sr_t01",
    "Hero:hid_constructor_008_sr_t01",
    "Hero:hid_constructor_007_sr_t01",
    "Hero:hid_constructor_008_foundersf_sr_t01",
    "Hero:hid_constructor_008_foundersm_sr_t01",
    "Hero:hid_commando_shockdamage_sr_t01",
    "Hero:hid_commando_guntough_sr_t01",
    "Hero:hid_commando_gunheadshothw_sr_t01",
    "Hero:hid_commando_gunheadshot_sr_t01",
    "Hero:hid_commando_grenademaster_sr_t01",
    "Hero:hid_commando_grenadegun_sr_t01",
    "Hero:hid_commando_gcgrenade_sr_t01",
    "Hero:hid_commando_010_sr_t01",
    "Hero:hid_commando_009_sr_t01",
    "Hero:hid_commando_008_sr_t01",
    "Hero:hid_commando_007_sr_t01",
    "Hero:hid_commando_008_foundersf_sr_t01",
    "Hero:hid_commando_008_foundersm_sr_t01"
  ],
  "ConversionControl:cck_hero_constructor_consumable": [
    "Hero:hid_constructor_rushbase_sr_t01",
    "Hero:hid_constructor_plasmadamage_sr_t01",
    "Hero:hid_constructor_hammertank_sr_t01",
    "Hero:hid_constructor_hammerplasma_sr_t01",
    "Hero:hid_constructor_basehyperhw_sr_t01",
    "Hero:hid_constructor_basehyper_sr_t01",
    "Hero:hid_constructor_basebig_sr_t01",
    "Hero:hid_constructor_010_sr_t01",
    "Hero:hid_constructor_009_sr_t01",
    "Hero:hid_constructor_008_sr_t01",
    "Hero:hid_constructor_007_sr_t01",
    "Hero:hid_constructor_008_foundersf_sr_t01",
    "Hero:hid_constructor_008_foundersm_sr_t01"
  ],
  "ConversionControl:cck_hero_commando_consumable": [
    "Hero:hid_commando_shockdamage_sr_t01",
    "Hero:hid_commando_guntough_sr_t01",
    "Hero:hid_commando_gunheadshothw_sr_t01",
    "Hero:hid_commando_gunheadshot_sr_t01",
    "Hero:hid_commando_grenademaster_sr_t01",
    "Hero:hid_commando_grenadegun_sr_t01",
    "Hero:hid_commando_gcgrenade_sr_t01",
    "Hero:hid_commando_010_sr_t01",
    "Hero:hid_commando_009_sr_t01",
    "Hero:hid_commando_008_sr_t01",
    "Hero:hid_commando_007_sr_t01",
    "Hero:hid_commando_008_foundersf_sr_t01",
    "Hero:hid_commando_008_foundersm_sr_t01"
  ],
  "ConversionControl:cck_expedition_worker_veryrare": [
    "Worker:workerbasic_vr_t01"
  ],
  "ConversionControl:cck_expedition_worker_uncommon": [
    "Worker:workerbasic_uc_t01"
  ],
  "ConversionControl:cck_expedition_worker_superrare": [
    "Worker:workerbasic_sr_t01"
  ],
  "ConversionControl:cck_expedition_worker_rare": [
    "Worker:workerbasic_r_t01"
  ],
  "ConversionControl:cck_expedition_worker_common": [
    "Worker:workerbasic_c_t01"
  ],
  "ConversionControl:cck_expedition_weapon_veryrare": [
    "Schematic:sid_piercing_spear_military_vr_ore_t01",
    "Schematic:sid_piercing_spear_laser_vr_ore_t01",
    "Schematic:sid_piercing_spear_vr_ore_t01",
    "Schematic:sid_edged_sword_medium_laser_vr_ore_t01",
    "Schematic:sid_edged_sword_medium_laser_founders_vr_ore_t01",
    "Schematic:sid_edged_sword_medium_vr_ore_t01",
    "Schematic:sid_edged_sword_light_vr_ore_t01",
    "Schematic:sid_edged_sword_light_founders_vr_ore_t01",
    "Schematic:sid_edged_sword_hydraulic_vr_ore_t01",
    "Schematic:sid_edged_sword_heavy_vr_ore_t01",
    "Schematic:sid_edged_sword_heavy_founders_vr_ore_t01",
    "Schematic:sid_edged_scythe_laser_vr_ore_t01",
    "Schematic:sid_edged_scythe_vr_ore_t01",
    "Schematic:sid_edged_axe_medium_laser_vr_ore_t01",
    "Schematic:sid_edged_axe_medium_vr_ore_t01",
    "Schematic:sid_edged_axe_medium_founders_vr_ore_t01",
    "Schematic:sid_edged_axe_light_vr_ore_t01",
    "Schematic:sid_edged_axe_heavy_vr_ore_t01",
    "Schematic:sid_blunt_medium_vr_ore_t01",
    "Schematic:sid_blunt_light_vr_ore_t01",
    "Schematic:sid_blunt_hammer_rocket_vr_ore_t01",
    "Schematic:sid_blunt_hammer_heavy_vr_ore_t01",
    "Schematic:sid_blunt_hammer_heavy_founders_vr_ore_t01",
    "Schematic:sid_blunt_light_rocketbat_vr_ore_t01",
    "Schematic:sid_blunt_club_light_vr_ore_t01",
    "Schematic:sid_assault_auto_vr_ore_t01",
    "Schematic:sid_assault_surgical_vr_ore_t01",
    "Schematic:sid_assault_singleshot_vr_ore_t01",
    "Schematic:sid_assault_semiauto_vr_ore_t01",
    "Schematic:sid_assault_semiauto_founders_vr_ore_t01",
    "Schematic:sid_assault_raygun_vr_ore_t01",
    "Schematic:sid_assault_lmg_vr_ore_t01",
    "Schematic:sid_assault_lmg_drum_founders_vr_ore_t01",
    "Schematic:sid_assault_doubleshot_vr_ore_t01",
    "Schematic:sid_assault_burst_vr_ore_t01",
    "Schematic:sid_sniper_tripleshot_vr_ore_t01",
    "Schematic:sid_sniper_standard_scope_vr_ore_t01",
    "Schematic:sid_sniper_standard_vr_ore_t01",
    "Schematic:sid_sniper_standard_founders_vr_ore_t01",
    "Schematic:sid_sniper_shredder_vr_ore_t01",
    "Schematic:sid_sniper_hydraulic_vr_ore_t01",
    "Schematic:sid_sniper_boltaction_scope_vr_ore_t01",
    "Schematic:sid_sniper_auto_vr_ore_t01",
    "Schematic:sid_sniper_auto_founders_vr_ore_t01",
    "Schematic:sid_sniper_amr_vr_ore_t01",
    "Schematic:sid_shotgun_tactical_precision_vr_ore_t01",
    "Schematic:sid_shotgun_tactical_founders_vr_ore_t01",
    "Schematic:sid_shotgun_standard_vr_ore_t01",
    "Schematic:sid_shotgun_semiauto_vr_ore_t01",
    "Schematic:sid_shotgun_longarm_vr_ore_t01",
    "Schematic:sid_shotgun_break_ou_vr_ore_t01",
    "Schematic:sid_shotgun_break_vr_ore_t01",
    "Schematic:sid_shotgun_auto_vr_ore_t01",
    "Schematic:sid_shotgun_auto_founders_vr_ore_t01",
    "Schematic:sid_pistol_zapper_vr_ore_t01",
    "Schematic:sid_pistol_space_vr_ore_t01",
    "Schematic:sid_pistol_semiauto_vr_ore_t01",
    "Schematic:sid_pistol_semiauto_founders_vr_ore_t01",
    "Schematic:sid_pistol_rapid_vr_ore_t01",
    "Schematic:sid_pistol_rapid_founders_vr_ore_t01",
    "Schematic:sid_pistol_hydraulic_vr_ore_t01",
    "Schematic:sid_pistol_handcannon_semi_vr_ore_t01",
    "Schematic:sid_pistol_handcannon_vr_ore_t01",
    "Schematic:sid_pistol_handcannon_founders_vr_ore_t01",
    "Schematic:sid_pistol_gatling_vr_ore_t01",
    "Schematic:sid_pistol_firecracker_vr_ore_t01",
    "Schematic:sid_pistol_dragon_vr_ore_t01",
    "Schematic:sid_pistol_bolt_vr_ore_t01",
    "Schematic:sid_pistol_autoheavy_vr_ore_t01",
    "Schematic:sid_pistol_autoheavy_founders_vr_ore_t01",
    "Schematic:sid_pistol_auto_vr_ore_t01",
    "Schematic:sid_launcher_rocket_vr_ore_t01",
    "Schematic:sid_launcher_hydraulic_vr_ore_t01",
    "Schematic:sid_launcher_grenade_vr_ore_t01"
  ],
  "ConversionControl:cck_expedition_weapon_uncommon": [
    "Schematic:sid_piercing_spear_uc_ore_t01",
    "Schematic:sid_edged_sword_medium_uc_ore_t01",
    "Schematic:sid_edged_sword_light_uc_ore_t01",
    "Schematic:sid_edged_sword_heavy_uc_ore_t01",
    "Schematic:sid_edged_scythe_uc_ore_t01",
    "Schematic:sid_edged_axe_medium_uc_ore_t01",
    "Schematic:sid_edged_axe_light_uc_ore_t01",
    "Schematic:sid_edged_axe_heavy_uc_ore_t01",
    "Schematic:sid_blunt_medium_uc_ore_t01",
    "Schematic:sid_blunt_tool_light_uc_ore_t01",
    "Schematic:sid_blunt_hammer_heavy_uc_ore_t01",
    "Schematic:sid_blunt_light_bat_uc_ore_t01",
    "Schematic:sid_blunt_light_uc_ore_t01",
    "Schematic:sid_blunt_heavy_paddle_uc_ore_t01",
    "Schematic:sid_assault_auto_uc_ore_t01",
    "Schematic:sid_assault_semiauto_uc_ore_t01",
    "Schematic:sid_assault_burst_uc_ore_t01",
    "Schematic:sid_sniper_standard_uc_ore_t01",
    "Schematic:sid_sniper_boltaction_uc_ore_t01",
    "Schematic:sid_sniper_auto_uc_ore_t01",
    "Schematic:sid_shotgun_tactical_uc_ore_t01",
    "Schematic:sid_shotgun_standard_uc_ore_t01",
    "Schematic:sid_shotgun_semiauto_uc_ore_t01",
    "Schematic:sid_shotgun_break_ou_uc_ore_t01",
    "Schematic:sid_shotgun_break_uc_ore_t01",
    "Schematic:sid_shotgun_auto_uc_ore_t01",
    "Schematic:sid_pistol_sixshooter_uc_ore_t01",
    "Schematic:sid_pistol_semiauto_uc_ore_t01",
    "Schematic:sid_pistol_boltrevolver_uc_ore_t01",
    "Schematic:sid_pistol_auto_uc_ore_t01"
  ],
  "ConversionControl:cck_expedition_weapon_superrare": [
    "Schematic:sid_piercing_spear_military_sr_ore_t01",
    "Schematic:sid_piercing_spear_laser_sr_ore_t01",
    "Schematic:sid_piercing_spear_sr_ore_t01",
    "Schematic:sid_edged_sword_medium_laser_sr_ore_t01",
    "Schematic:sid_edged_sword_medium_laser_founders_sr_ore_t01",
    "Schematic:sid_edged_sword_medium_sr_ore_t01",
    "Schematic:sid_edged_sword_light_sr_ore_t01",
    "Schematic:sid_edged_sword_hydraulic_sr_ore_t01",
    "Schematic:sid_edged_sword_heavy_sr_ore_t01",
    "Schematic:sid_edged_scythe_laser_sr_ore_t01",
    "Schematic:sid_edged_scythe_sr_ore_t01",
    "Schematic:sid_edged_axe_medium_laser_sr_ore_t01",
    "Schematic:sid_edged_axe_medium_sr_ore_t01",
    "Schematic:sid_edged_axe_light_sr_ore_t01",
    "Schematic:sid_edged_axe_heavy_sr_ore_t01",
    "Schematic:sid_blunt_medium_sr_ore_t01",
    "Schematic:sid_blunt_light_sr_ore_t01",
    "Schematic:sid_blunt_hammer_rocket_sr_ore_t01",
    "Schematic:sid_blunt_hammer_heavy_sr_ore_t01",
    "Schematic:sid_blunt_light_rocketbat_sr_ore_t01",
    "Schematic:sid_blunt_club_light_sr_ore_t01",
    "Schematic:sid_assault_auto_sr_ore_t01",
    "Schematic:sid_assault_auto_halloween_sr_ore_t01",
    "Schematic:sid_assault_auto_founders_sr_ore_t01",
    "Schematic:sid_assault_surgical_sr_ore_t01",
    "Schematic:sid_assault_singleshot_sr_ore_t01",
    "Schematic:sid_assault_semiauto_sr_ore_t01",
    "Schematic:sid_assault_raygun_sr_ore_t01",
    "Schematic:sid_assault_lmg_sr_ore_t01",
    "Schematic:sid_assault_lmg_drum_founders_sr_ore_t01",
    "Schematic:sid_assault_hydra_sr_ore_t01",
    "Schematic:sid_assault_doubleshot_sr_ore_t01",
    "Schematic:sid_assault_burst_sr_ore_t01",
    "Schematic:sid_sniper_tripleshot_sr_ore_t01",
    "Schematic:sid_sniper_standard_scope_sr_ore_t01",
    "Schematic:sid_sniper_standard_sr_ore_t01",
    "Schematic:sid_sniper_shredder_sr_ore_t01",
    "Schematic:sid_sniper_hydraulic_sr_ore_t01",
    "Schematic:sid_sniper_boltaction_scope_sr_ore_t01",
    "Schematic:sid_sniper_auto_sr_ore_t01",
    "Schematic:sid_sniper_amr_sr_ore_t01",
    "Schematic:sid_shotgun_tactical_precision_sr_ore_t01",
    "Schematic:sid_shotgun_tactical_founders_sr_ore_t01",
    "Schematic:sid_shotgun_standard_sr_ore_t01",
    "Schematic:sid_shotgun_semiauto_sr_ore_t01",
    "Schematic:sid_shotgun_minigun_sr_ore_t01",
    "Schematic:sid_shotgun_longarm_sr_ore_t01",
    "Schematic:sid_shotgun_heavy_sr_ore_t01",
    "Schematic:sid_shotgun_break_ou_sr_ore_t01",
    "Schematic:sid_shotgun_break_sr_ore_t01",
    "Schematic:sid_shotgun_auto_sr_ore_t01",
    "Schematic:sid_pistol_zapper_sr_ore_t01",
    "Schematic:sid_pistol_space_sr_ore_t01",
    "Schematic:sid_pistol_semiauto_sr_ore_t01",
    "Schematic:sid_pistol_rocket_sr_ore_t01",
    "Schematic:sid_pistol_rapid_sr_ore_t01",
    "Schematic:sid_pistol_hydraulic_sr_ore_t01",
    "Schematic:sid_pistol_handcannon_semi_sr_ore_t01",
    "Schematic:sid_pistol_handcannon_sr_ore_t01",
    "Schematic:sid_pistol_gatling_sr_ore_t01",
    "Schematic:sid_pistol_firecracker_sr_ore_t01",
    "Schematic:sid_pistol_dragon_sr_ore_t01",
    "Schematic:sid_pistol_bolt_sr_ore_t01",
    "Schematic:sid_pistol_autoheavy_sr_ore_t01",
    "Schematic:sid_pistol_autoheavy_founders_sr_ore_t01",
    "Schematic:sid_pistol_auto_sr_ore_t01",
    "Schematic:sid_launcher_rocket_sr_ore_t01",
    "Schematic:sid_launcher_pumpkin_rpg_sr_ore_t01",
    "Schematic:sid_launcher_hydraulic_sr_ore_t01",
    "Schematic:sid_launcher_grenade_sr_ore_t01"
  ],
  "ConversionControl:cck_expedition_weapon_rare": [
    "Schematic:sid_piercing_spear_military_r_ore_t01",
    "Schematic:sid_piercing_spear_r_ore_t01",
    "Schematic:sid_edged_sword_medium_laser_founders_r_ore_t01",
    "Schematic:sid_edged_sword_medium_r_ore_t01",
    "Schematic:sid_edged_sword_light_r_ore_t01",
    "Schematic:sid_edged_sword_heavy_r_ore_t01",
    "Schematic:sid_edged_scythe_r_ore_t01",
    "Schematic:sid_edged_axe_medium_r_ore_t01",
    "Schematic:sid_edged_axe_light_r_ore_t01",
    "Schematic:sid_edged_axe_heavy_r_ore_t01",
    "Schematic:sid_blunt_medium_r_ore_t01",
    "Schematic:sid_blunt_tool_light_r_ore_t01",
    "Schematic:sid_blunt_hammer_heavy_r_ore_t01",
    "Schematic:sid_blunt_light_bat_r_ore_t01",
    "Schematic:sid_blunt_light_r_ore_t01",
    "Schematic:sid_blunt_heavy_paddle_r_ore_t01",
    "Schematic:sid_assault_auto_r_ore_t01",
    "Schematic:sid_assault_singleshot_r_ore_t01",
    "Schematic:sid_assault_semiauto_r_ore_t01",
    "Schematic:sid_assault_surgical_drum_founders_r_ore_t01",
    "Schematic:sid_assault_lmg_r_ore_t01",
    "Schematic:sid_assault_burst_r_ore_t01",
    "Schematic:sid_sniper_standard_r_ore_t01",
    "Schematic:sid_sniper_boltaction_scope_r_ore_t01",
    "Schematic:sid_sniper_boltaction_r_ore_t01",
    "Schematic:sid_sniper_auto_r_ore_t01",
    "Schematic:sid_sniper_amr_r_ore_t01",
    "Schematic:sid_shotgun_tactical_precision_r_ore_t01",
    "Schematic:sid_shotgun_tactical_r_ore_t01",
    "Schematic:sid_shotgun_tactical_founders_r_ore_t01",
    "Schematic:sid_shotgun_standard_r_ore_t01",
    "Schematic:sid_shotgun_semiauto_r_ore_t01",
    "Schematic:sid_shotgun_break_ou_r_ore_t01",
    "Schematic:sid_shotgun_break_r_ore_t01",
    "Schematic:sid_shotgun_auto_r_ore_t01",
    "Schematic:sid_pistol_sixshooter_r_ore_t01",
    "Schematic:sid_pistol_semiauto_r_ore_t01",
    "Schematic:sid_pistol_rapid_r_ore_t01",
    "Schematic:sid_pistol_handcannon_semi_r_ore_t01",
    "Schematic:sid_pistol_handcannon_r_ore_t01",
    "Schematic:sid_pistol_firecracker_r_ore_t01",
    "Schematic:sid_pistol_boltrevolver_r_ore_t01",
    "Schematic:sid_pistol_autoheavy_r_ore_t01",
    "Schematic:sid_pistol_autoheavy_founders_r_ore_t01",
    "Schematic:sid_pistol_auto_r_ore_t01",
    "Schematic:sid_launcher_rocket_r_ore_t01",
    "Schematic:sid_launcher_grenade_r_ore_t01"
  ],
  "ConversionControl:cck_expedition_weapon_common": [
    "Schematic:sid_piercing_spear_c_ore_t01",
    "Schematic:sid_edged_sword_medium_c_ore_t01",
    "Schematic:sid_edged_sword_light_c_ore_t01",
    "Schematic:sid_edged_sword_heavy_c_ore_t01",
    "Schematic:sid_edged_scythe_c_ore_t01",
    "Schematic:sid_edged_axe_medium_c_ore_t01",
    "Schematic:sid_edged_axe_light_c_ore_t01",
    "Schematic:sid_edged_axe_heavy_c_ore_t01",
    "Schematic:sid_blunt_medium_c_ore_t01",
    "Schematic:sid_blunt_hammer_heavy_c_ore_t01",
    "Schematic:sid_blunt_light_c_ore_t01",
    "Schematic:sid_blunt_heavy_paddle_c_ore_t01",
    "Schematic:sid_assault_auto_c_ore_t01",
    "Schematic:sid_assault_semiauto_c_ore_t01",
    "Schematic:sid_assault_burst_c_ore_t01",
    "Schematic:sid_sniper_standard_c_ore_t01",
    "Schematic:sid_sniper_boltaction_c_ore_t01",
    "Schematic:sid_shotgun_tactical_c_ore_t01",
    "Schematic:sid_shotgun_standard_c_ore_t01",
    "Schematic:sid_shotgun_break_c_ore_t01",
    "Schematic:sid_pistol_sixshooter_c_ore_t01",
    "Schematic:sid_pistol_semiauto_c_ore_t01",
    "Schematic:sid_pistol_boltrevolver_c_ore_t01",
    "Schematic:sid_pistol_auto_c_ore_t01"
  ],
  "ConversionControl:cck_expedition_trap_veryrare": [
    "Schematic:sid_wall_wood_spikes_vr_t01",
    "Schematic:sid_wall_light_vr_t01",
    "Schematic:sid_wall_launcher_vr_t01",
    "Schematic:sid_wall_electric_vr_t01",
    "Schematic:sid_wall_darts_vr_t01",
    "Schematic:sid_floor_ward_vr_t01",
    "Schematic:sid_floor_spikes_wood_vr_t01",
    "Schematic:sid_floor_spikes_vr_t01",
    "Schematic:sid_floor_launcher_vr_t01",
    "Schematic:sid_floor_health_vr_t01",
    "Schematic:sid_ceiling_gas_vr_t01",
    "Schematic:sid_ceiling_electric_single_vr_t01",
    "Schematic:sid_ceiling_electric_aoe_vr_t01"
  ],
  "ConversionControl:cck_expedition_trap_uncommon": [
    "Schematic:sid_wall_wood_spikes_uc_t01",
    "Schematic:sid_wall_launcher_uc_t01",
    "Schematic:sid_wall_electric_uc_t01",
    "Schematic:sid_wall_darts_uc_t01",
    "Schematic:sid_floor_ward_uc_t01",
    "Schematic:sid_floor_spikes_wood_uc_t01",
    "Schematic:sid_floor_spikes_uc_t01",
    "Schematic:sid_floor_launcher_uc_t01",
    "Schematic:sid_floor_health_uc_t01",
    "Schematic:sid_ceiling_gas_uc_t01",
    "Schematic:sid_ceiling_electric_single_uc_t01"
  ],
  "ConversionControl:cck_expedition_trap_superrare": [
    "Schematic:sid_wall_wood_spikes_sr_t01",
    "Schematic:sid_wall_light_sr_t01",
    "Schematic:sid_wall_launcher_sr_t01",
    "Schematic:sid_wall_electric_sr_t01",
    "Schematic:sid_wall_darts_sr_t01",
    "Schematic:sid_floor_ward_sr_t01",
    "Schematic:sid_floor_spikes_wood_sr_t01",
    "Schematic:sid_floor_spikes_sr_t01",
    "Schematic:sid_floor_launcher_sr_t01",
    "Schematic:sid_floor_health_sr_t01",
    "Schematic:sid_ceiling_gas_sr_t01",
    "Schematic:sid_ceiling_electric_single_sr_t01",
    "Schematic:sid_ceiling_electric_aoe_sr_t01"
  ],
  "ConversionControl:cck_expedition_trap_rare": [
    "Schematic:sid_wall_wood_spikes_r_t01",
    "Schematic:sid_wall_light_r_t01",
    "Schematic:sid_wall_launcher_r_t01",
    "Schematic:sid_wall_electric_r_t01",
    "Schematic:sid_wall_darts_r_t01",
    "Schematic:sid_floor_ward_r_t01",
    "Schematic:sid_floor_spikes_wood_r_t01",
    "Schematic:sid_floor_spikes_r_t01",
    "Schematic:sid_floor_launcher_r_t01",
    "Schematic:sid_floor_health_r_t01",
    "Schematic:sid_ceiling_gas_r_t01",
    "Schematic:sid_ceiling_electric_single_r_t01",
    "Schematic:sid_ceiling_electric_aoe_r_t01"
  ],
  "ConversionControl:cck_expedition_trap_common": [
    "Schematic:sid_wall_wood_spikes_c_t01",
    "Schematic:sid_floor_spikes_wood_c_t01",
    "Schematic:sid_ceiling_electric_single_c_t01"
  ],
  "ConversionControl:cck_expedition_manager_veryrare": [
    "Worker:managerquestdoctor_r_t01",
    "Worker:managertrainer_r_t01",
    "Worker:managersoldier_r_t01",
    "Worker:managermartialartist_r_t01",
    "Worker:managerinventor_r_t01",
    "Worker:managergadgeteer_r_t01",
    "Worker:managerexplorer_r_t01",
    "Worker:managerengineer_r_t01",
    "Worker:managerdoctor_r_t01"
  ],
  "ConversionControl:cck_expedition_manager_unique": [
    "Worker:managertrainer_sr_yoglattes_t01",
    "Worker:managertrainer_sr_raider_t01",
    "Worker:managertrainer_sr_jumpy_t01",
    "Worker:managersoldier_sr_ramsie_t01",
    "Worker:managersoldier_sr_princess_t01",
    "Worker:managersoldier_sr_malcolm_t01",
    "Worker:managermartialartist_sr_tiger_t01",
    "Worker:managermartialartist_sr_samurai_t01",
    "Worker:managermartialartist_sr_dragon_t01",
    "Worker:managerinventor_sr_square_t01",
    "Worker:managerinventor_sr_rad_t01",
    "Worker:managerinventor_sr_frequency_t01",
    "Worker:managergadgeteer_sr_zapps_t01",
    "Worker:managergadgeteer_sr_flak_t01",
    "Worker:managergadgeteer_sr_fixer_t01",
    "Worker:managerexplorer_sr_spacebound_t01",
    "Worker:managerexplorer_sr_eagle_t01",
    "Worker:managerexplorer_sr_birdie_t01",
    "Worker:managerengineer_sr_sobs_t01",
    "Worker:managerengineer_sr_maths_t01",
    "Worker:managerengineer_sr_countess_t01",
    "Worker:managerdoctor_sr_treky_t01",
    "Worker:managerdoctor_sr_noctor_t01",
    "Worker:managerdoctor_sr_kingsly_t01"
  ],
  "ConversionControl:cck_expedition_manager_uncommon": [
    "Worker:managertrainer_c_t01",
    "Worker:managersoldier_c_t01",
    "Worker:managermartialartist_c_t01",
    "Worker:managerinventor_c_t01",
    "Worker:managergadgeteer_c_t01",
    "Worker:managerexplorer_c_t01",
    "Worker:managerengineer_c_t01",
    "Worker:managerdoctor_c_t01"
  ],
  "ConversionControl:cck_expedition_manager_superrare": [
    "Worker:managertrainer_vr_t01",
    "Worker:managersoldier_vr_t01",
    "Worker:managermartialartist_vr_t01",
    "Worker:managerinventor_vr_t01",
    "Worker:managergadgeteer_vr_t01",
    "Worker:managerexplorer_vr_t01",
    "Worker:managerengineer_vr_t01",
    "Worker:managerdoctor_vr_t01"
  ],
  "ConversionControl:cck_expedition_manager_rare": [
    "Worker:managertrainer_uc_t01",
    "Worker:managersoldier_uc_t01",
    "Worker:managermartialartist_uc_t01",
    "Worker:managerinventor_uc_t01",
    "Worker:managergadgeteer_uc_t01",
    "Worker:managerexplorer_uc_t01",
    "Worker:managerengineer_uc_t01",
    "Worker:managerdoctor_uc_t01"
  ],
  "ConversionControl:cck_expedition_hero_veryrare": [
    "Hero:hid_outlander_zonepistol_vr_t01",
    "Hero:hid_outlander_zoneharvest_vr_t01",
    "Hero:hid_outlander_spherefragment_vr_t01",
    "Hero:hid_outlander_punchphase_vr_t01",
    "Hero:hid_outlander_punchdamage_vr_t01",
    "Hero:hid_outlander_010_vr_t01",
    "Hero:hid_outlander_009_vr_t01",
    "Hero:hid_outlander_008_vr_t01",
    "Hero:hid_outlander_007_vr_t01",
    "Hero:hid_ninja_starsrain_vr_t01",
    "Hero:hid_ninja_starsassassin_vr_t01",
    "Hero:hid_ninja_smokedimmak_vr_t01",
    "Hero:hid_ninja_slashtail_vr_t01",
    "Hero:hid_ninja_slashbreath_vr_t01",
    "Hero:hid_ninja_010_vr_t01",
    "Hero:hid_ninja_009_vr_t01",
    "Hero:hid_ninja_008_vr_t01",
    "Hero:hid_ninja_007_vr_t01",
    "Hero:hid_constructor_rushbase_vr_t01",
    "Hero:hid_constructor_plasmadamage_vr_t01",
    "Hero:hid_constructor_hammertank_vr_t01",
    "Hero:hid_constructor_hammerplasma_vr_t01",
    "Hero:hid_constructor_basehyper_vr_t01",
    "Hero:hid_constructor_010_vr_t01",
    "Hero:hid_constructor_009_vr_t01",
    "Hero:hid_constructor_008_vr_t01",
    "Hero:hid_constructor_007_vr_t01",
    "Hero:hid_commando_shockdamage_vr_t01",
    "Hero:hid_commando_guntough_vr_t01",
    "Hero:hid_commando_gunheadshot_vr_t01",
    "Hero:hid_commando_grenadegun_vr_t01",
    "Hero:hid_commando_gcgrenade_vr_t01",
    "Hero:hid_commando_010_vr_t01",
    "Hero:hid_commando_009_vr_t01",
    "Hero:hid_commando_008_vr_t01",
    "Hero:hid_commando_007_vr_t01"
  ],
  "ConversionControl:cck_expedition_hero_uncommon": [
    "Hero:hid_outlander_zoneharvest_uc_t01",
    "Hero:hid_outlander_punchphase_uc_t01",
    "Hero:hid_outlander_007_uc_t01",
    "Hero:hid_ninja_starsassassin_uc_t01",
    "Hero:hid_ninja_slashtail_uc_t01",
    "Hero:hid_ninja_007_uc_t01",
    "Hero:hid_constructor_rushbase_uc_t01",
    "Hero:hid_constructor_hammertank_uc_t01",
    "Hero:hid_constructor_007_uc_t01",
    "Hero:hid_commando_grenadegun_uc_t01",
    "Hero:hid_commando_guntough_uc_t01",
    "Hero:hid_commando_007_uc_t01"
  ],
  "ConversionControl:cck_expedition_hero_superrare": [
    "Hero:hid_outlander_zonepistolhw_sr_t01",
    "Hero:hid_outlander_zonepistol_sr_t01",
    "Hero:hid_outlander_zoneharvest_sr_t01",
    "Hero:hid_outlander_zonefragment_sr_t01",
    "Hero:hid_outlander_spherefragment_sr_t01",
    "Hero:hid_outlander_punchphase_sr_t01",
    "Hero:hid_outlander_punchdamage_sr_t01",
    "Hero:hid_outlander_010_sr_t01",
    "Hero:hid_outlander_009_sr_t01",
    "Hero:hid_outlander_008_sr_t01",
    "Hero:hid_outlander_007_sr_t01",
    "Hero:hid_outlander_008_foundersf_sr_t01",
    "Hero:hid_outlander_008_foundersm_sr_t01",
    "Hero:hid_ninja_swordmaster_sr_t01",
    "Hero:hid_ninja_starsrainhw_sr_t01",
    "Hero:hid_ninja_starsrain_sr_t01",
    "Hero:hid_ninja_starsassassin_sr_t01",
    "Hero:hid_ninja_smokedimmak_sr_t01",
    "Hero:hid_ninja_slashtail_sr_t01",
    "Hero:hid_ninja_slashbreath_sr_t01",
    "Hero:hid_ninja_010_sr_t01",
    "Hero:hid_ninja_009_sr_t01",
    "Hero:hid_ninja_008_sr_t01",
    "Hero:hid_ninja_007_sr_t01",
    "Hero:hid_ninja_starsassassin_foundersf_sr_t01",
    "Hero:hid_ninja_starsassassin_foundersm_sr_t01",
    "Hero:hid_constructor_rushbase_sr_t01",
    "Hero:hid_constructor_plasmadamage_sr_t01",
    "Hero:hid_constructor_hammertank_sr_t01",
    "Hero:hid_constructor_hammerplasma_sr_t01",
    "Hero:hid_constructor_basehyperhw_sr_t01",
    "Hero:hid_constructor_basehyper_sr_t01",
    "Hero:hid_constructor_basebig_sr_t01",
    "Hero:hid_constructor_010_sr_t01",
    "Hero:hid_constructor_009_sr_t01",
    "Hero:hid_constructor_008_sr_t01",
    "Hero:hid_constructor_007_sr_t01",
    "Hero:hid_constructor_008_foundersf_sr_t01",
    "Hero:hid_constructor_008_foundersm_sr_t01",
    "Hero:hid_commando_shockdamage_sr_t01",
    "Hero:hid_commando_guntough_sr_t01",
    "Hero:hid_commando_gunheadshothw_sr_t01",
    "Hero:hid_commando_gunheadshot_sr_t01",
    "Hero:hid_commando_grenademaster_sr_t01",
    "Hero:hid_commando_grenadegun_sr_t01",
    "Hero:hid_commando_gcgrenade_sr_t01",
    "Hero:hid_commando_010_sr_t01",
    "Hero:hid_commando_009_sr_t01",
    "Hero:hid_commando_008_sr_t01",
    "Hero:hid_commando_007_sr_t01",
    "Hero:hid_commando_008_foundersf_sr_t01",
    "Hero:hid_commando_008_foundersm_sr_t01"
  ],
  "ConversionControl:cck_expedition_hero_rare": [
    "Hero:hid_outlander_zonepistol_r_t01",
    "Hero:hid_outlander_zoneharvest_r_t01",
    "Hero:hid_outlander_spherefragment_r_t01",
    "Hero:hid_outlander_punchphase_r_t01",
    "Hero:hid_outlander_009_r_t01",
    "Hero:hid_outlander_008_r_t01",
    "Hero:hid_outlander_007_r_t01",
    "Hero:hid_outlander_sony_r_t01",
    "Hero:hid_ninja_starsassassin_r_t01",
    "Hero:hid_ninja_smokedimmak_r_t01",
    "Hero:hid_ninja_slashtail_r_t01",
    "Hero:hid_ninja_slashbreath_r_t01",
    "Hero:hid_ninja_009_r_t01",
    "Hero:hid_ninja_008_r_t01",
    "Hero:hid_ninja_007_r_t01",
    "Hero:hid_ninja_sony_r_t01",
    "Hero:hid_constructor_rushbase_r_t01",
    "Hero:hid_constructor_plasmadamage_r_t01",
    "Hero:hid_constructor_hammertank_r_t01",
    "Hero:hid_constructor_basehyper_r_t01",
    "Hero:hid_constructor_009_r_t01",
    "Hero:hid_constructor_008_r_t01",
    "Hero:hid_constructor_007_r_t01",
    "Hero:hid_constructor_sony_r_t01",
    "Hero:hid_commando_shockdamage_r_t01",
    "Hero:hid_commando_guntough_r_t01",
    "Hero:hid_commando_grenadegun_r_t01",
    "Hero:hid_commando_gcgrenade_r_t01",
    "Hero:hid_commando_009_r_t01",
    "Hero:hid_commando_008_r_t01",
    "Hero:hid_commando_007_r_t01",
    "Hero:hid_commando_sony_r_t01"
  ],
  "ConversionControl:cck_expedition_defender_veryrare": [
    "Defender:did_defendersniper_basic_vr_t01",
    "Defender:did_defendershotgun_basic_vr_t01",
    "Defender:did_defenderpistol_basic_vr_t01",
    "Defender:did_defendermelee_basic_vr_t01",
    "Defender:did_defenderassault_basic_vr_t01",
    "Defender:did_defenderassault_founders_vr_t01",
    "Defender:did_defenderpistol_founders_vr_t01"
  ],
  "ConversionControl:cck_expedition_defender_uncommon": [
    "Defender:did_defendersniper_basic_uc_t01",
    "Defender:did_defendershotgun_basic_uc_t01",
    "Defender:did_defenderpistol_basic_uc_t01",
    "Defender:did_defendermelee_basic_uc_t01",
    "Defender:did_defenderassault_basic_uc_t01"
  ],
  "ConversionControl:cck_expedition_defender_superrare": [
    "Defender:did_defendersniper_basic_sr_t01",
    "Defender:did_defendershotgun_basic_sr_t01",
    "Defender:did_defenderpistol_basic_sr_t01",
    "Defender:did_defendermelee_basic_sr_t01",
    "Defender:did_defenderassault_basic_sr_t01"
  ],
  "ConversionControl:cck_expedition_defender_rare": [
    "Defender:did_defendersniper_basic_r_t01",
    "Defender:did_defendershotgun_basic_r_t01",
    "Defender:did_defenderpistol_basic_r_t01",
    "Defender:did_defendermelee_basic_r_t01",
    "Defender:did_defenderassault_basic_r_t01"
  ],
  "ConversionControl:cck_defender_core_unlimited": [
    "Defender:did_defendersniper_basic_r_t01",
    "Defender:did_defendershotgun_basic_r_t01",
    "Defender:did_defenderpistol_basic_r_t01",
    "Defender:did_defendermelee_basic_r_t01",
    "Defender:did_defenderassault_basic_r_t01"
  ],
  "ConversionControl:cck_defender_core_consumable_vr": [
    "Defender:did_defendersniper_basic_vr_t01",
    "Defender:did_defendershotgun_basic_vr_t01",
    "Defender:did_defenderpistol_basic_vr_t01",
    "Defender:did_defendermelee_basic_vr_t01",
    "Defender:did_defenderassault_basic_vr_t01",
    "Defender:did_defenderassault_founders_vr_t01",
    "Defender:did_defenderpistol_founders_vr_t01"
  ],
  "ConversionControl:cck_defender_core_consumable_uc": [
    "Defender:did_defendersniper_basic_uc_t01",
    "Defender:did_defendershotgun_basic_uc_t01",
    "Defender:did_defenderpistol_basic_uc_t01",
    "Defender:did_defendermelee_basic_uc_t01",
    "Defender:did_defenderassault_basic_uc_t01"
  ],
  "ConversionControl:cck_defender_core_consumable_sr": [
    "Defender:did_defendersniper_basic_sr_t01",
    "Defender:did_defendershotgun_basic_sr_t01",
    "Defender:did_defenderpistol_basic_sr_t01",
    "Defender:did_defendermelee_basic_sr_t01",
    "Defender:did_defenderassault_basic_sr_t01"
  ],
  "ConversionControl:cck_defender_core_consumable_r": [
    "Defender:did_defendersniper_basic_r_t01",
    "Defender:did_defendershotgun_basic_r_t01",
    "Defender:did_defenderpistol_basic_r_t01",
    "Defender:did_defendermelee_basic_r_t01",
    "Defender:did_defenderassault_basic_r_t01"
  ],
  "ConversionControl:cck_defender_core_consumable_c": [
    "Defender:did_defendersniper_basic_c_t01",
    "Defender:did_defendershotgun_basic_c_t01",
    "Defender:did_defenderpistol_basic_c_t01",
    "Defender:did_defendermelee_basic_c_t01",
    "Defender:did_defenderassault_basic_c_t01"
  ],
  "ConversionControl:cck_defender_core_consumable": [
    "Defender:did_defendersniper_basic_sr_t01",
    "Defender:did_defendershotgun_basic_sr_t01",
    "Defender:did_defenderpistol_basic_sr_t01",
    "Defender:did_defendermelee_basic_sr_t01",
    "Defender:did_defenderassault_basic_sr_t01"
  ]
}